deficit_bucket,time_bucket,n_games,n_wins,n_observations,trailing_team_win_pct,ci_lower,ci_upper,adequate_sample
1,0.0-0.5,17891,3720,22643,0.20792577273489463,0.20204208416361216,0.21393486418780547,True
1,0.5-1.0,13718,4185,15388,0.3050736258929873,0.2974239102029439,0.31283248570239863,True
1,1.0-1.5,12208,4288,13301,0.35124508519003933,0.3428251140129693,0.3597586469817688,True
1,1.5-2.0,12347,4575,13460,0.37053535271725924,0.36205810165365654,0.37909314102765185,True
1,2,20713,8133,25997,0.39265195770771977,0.3860219049831251,0.3993218223155381,True
1,3,20360,8162,25492,0.40088408644400786,0.3941715808581549,0.4076339880871465,True
1,4,20528,8628,25456,0.42030397505845674,0.41356700074809966,0.4270707723389477,True
1,5,19757,8280,24211,0.4190919674039581,0.41222810169742297,0.425987290910147,True
1,6,19614,8459,23913,0.43127358009584993,0.42435662057648227,0.43821745587033756,True
1,7,20042,8563,24463,0.4272527691847121,0.4204186314459105,0.4341147895904006,True
1,8,20204,8639,24351,0.42758859631756085,0.42078110858783435,0.4344236155030352,True
1,9,18765,8341,22257,0.4444977351452172,0.43739997959476534,0.45161821106437466,True
1,10,23428,10320,29562,0.44049854874509137,0.4341516843044996,0.44686492345542994,True
1,11,22983,10206,28571,0.44406735413131443,0.43765348768264667,0.4504999156974854,True
1,12,23112,10213,28675,0.44189165801315333,0.43549926782367465,0.4483033621441651,True
1,13,22983,10331,28191,0.44950615672453553,0.4430838568521712,0.455945333830554,True
1,14,23041,10329,28088,0.44828783472939543,0.4418754302751099,0.45471748013135604,True
1,15,23857,10841,29315,0.45441589470595634,0.4481053577653094,0.46074110974571086,True
1,16,24322,11022,29752,0.4531699695748705,0.44692161808064645,0.4594331121088324,True
1,17,24805,11220,30520,0.4523281596452328,0.4461419843018772,0.45852909876876474,True
1,18,24462,11079,29829,0.452906548933039,0.44667643205738566,0.4591514549342475,True
1,19,21918,9889,25726,0.45118167716032487,0.44460292445092037,0.4577775397889087,True
1,20,28198,12867,34692,0.4563089580821335,0.4505016040369969,0.46212821514474056,True
1,21,28249,12681,34381,0.4489008460476477,0.4431079622973148,0.4547076259230219,True
1,22,28562,12989,34800,0.4547650724739164,0.4489966052420003,0.4605457062997677,True
1,23,28411,12856,34311,0.45250079194678117,0.4467197918598527,0.4582946355300927,True
1,24,29525,13383,35465,0.45327688399661303,0.44760492026804727,0.4589610047562516,True
1,25,30388,13878,36605,0.45669343161774384,0.4510985884077338,0.46229922293121445,True
1,26,31095,14073,37454,0.4525808007718283,0.44705452958485675,0.45811878722447413,True
1,27,32288,14747,38808,0.45673315163528244,0.45130519849255213,0.4621713992620956,True
1,28,33411,15245,39868,0.45628685163568883,0.4509512722348563,0.4616324821648653,True
1,29,31894,14703,37296,0.46099579858280554,0.45553008270225526,0.46647090936486946,True
1,30,39609,18059,48419,0.4559317326870156,0.45103127929483144,0.46084073344156373,True
1,31,41352,19128,50046,0.4625652930934417,0.4577632865154424,0.4673742543924422,True
1,32,43639,19796,52746,0.4536309264648594,0.44896417751939494,0.4583058385558188,True
1,33,45535,20948,54824,0.46004172614472383,0.4554674329794757,0.46462276097047306,True
1,34,49305,22393,59154,0.4541730047662509,0.44978184732221954,0.4585713028763038,True
1,35,55641,25186,67613,0.4526518214985353,0.44851930747873303,0.4567908731508403,True
1,36,61795,28158,75273,0.4556679342988915,0.45174404000316964,0.4595973402210189,True
1,37,66451,30175,80788,0.4540939940708191,0.4503111353339155,0.45788216024682366,True
1,38,67938,30719,81377,0.4521622655951014,0.4484224803866319,0.4559074605315431,True
1,39,44544,19348,50114,0.4343570402298851,0.4297597357700222,0.4389656661807651,True
2,0.0-0.5,29737,2831,36960,0.09520126441806503,0.0919175204101614,0.09858958346412842,True
2,0.5-1.0,15498,2736,16335,0.1765389082462253,0.17061639088249864,0.18262174309507984,True
2,1.0-1.5,12886,2903,13235,0.22528325314294584,0.21815245571542974,0.2325777999612576,True
2,1.5-2.0,12811,3389,13185,0.26453828740925767,0.2569715303879509,0.2722462166343767,True
2,2,23574,7053,26123,0.299185543395266,0.2933732873091227,0.30506323794092405,True
2,3,23523,7492,25887,0.3184967903753773,0.3125730127728579,0.3244798417845512,True
2,4,23588,7941,26096,0.3366542309648974,0.3306504951473137,0.3427111639102818,True
2,5,22331,7734,24023,0.34633469168420583,0.34012098343757136,0.3526012608965904,True
2,6,22421,8160,23892,0.36394451630168145,0.35767045057970653,0.37026519735815894,True
2,7,22769,8350,24285,0.36672668979753176,0.36048999670665305,0.3730083472154335,True
2,8,22734,8562,24230,0.37661652150963315,0.37033924405795426,0.38293549069083566,True
2,9,20854,7888,21910,0.3782487772130047,0.3716897602519437,0.38485264248641055,True
2,10,26617,10265,29231,0.3856557838975091,0.3798250204241001,0.3915195489376739,True
2,11,26354,10227,28623,0.388062533201791,0.38219573473598983,0.39396196096850217,True
2,12,26270,10261,28459,0.39059763989341456,0.38471416935680214,0.3965131027144432,True
2,13,26042,10409,27968,0.3997004838338069,0.3937663379161194,0.4056642168638804,True
2,14,26369,10508,28188,0.39849823656566424,0.3926040676428091,0.40442197599747876,True
2,15,27200,10991,29081,0.40408088235294115,0.3982630665061185,0.40992578870321333,True
2,16,28206,11451,30202,0.40597745160604126,0.4002595347003004,0.4117209763848806,True
2,17,28286,11631,30349,0.41119281623417947,0.4054709629547462,0.4169387885371108,True
2,18,27820,11433,29452,0.41096333572969085,0.4051943860901611,0.41675687171170905,True
2,19,24564,10273,25595,0.41821364598599575,0.41205829260526755,0.4243945767424409,True
2,20,31622,12945,34212,0.40936689646448676,0.4039585061025054,0.4147973052843449,True
2,21,32015,13090,34291,0.40887084179290956,0.4034967417800095,0.4142668090412668,True
2,22,31667,13174,33727,0.4160166735086999,0.4105983256921451,0.4214553952926486,True
2,23,32074,13177,34148,0.41083120284342456,0.405457870612421,0.4162258925494995,True
2,24,32802,13467,34795,0.41055423449789646,0.4052413158787875,0.41588810151131544,True
2,25,33733,13767,35796,0.4081166809948715,0.40288251258731783,0.4133717748324031,True
2,26,34864,14368,36896,0.41211564938044976,0.4069587920245788,0.4172918722321958,True
2,27,36221,15102,38335,0.4169404489108528,0.4118717921493439,0.42202672239930217,True
2,28,37056,15239,39052,0.4112424438687392,0.40624182309709583,0.41626146574588724,True
2,29,34786,14563,36325,0.41864543207037314,0.41347030533765644,0.42383852564017693,True
2,30,44224,18281,47265,0.4133728292329957,0.4087909015986833,0.4179698056206354,True
2,31,45692,18944,48598,0.4146021185327847,0.41009219881528186,0.41912639686542436,True
2,32,48211,20296,51203,0.4209827632697932,0.41658204900369145,0.4253960692029647,True
2,33,50993,20977,53984,0.4113701880650285,0.40710593413758234,0.4156477949874777,True
2,34,54539,22641,57639,0.41513412420469753,0.4110047731435593,0.419275429932622,True
2,35,61841,25476,65718,0.4119597031095875,0.40808602991427934,0.4158443138575123,True
2,36,70410,28955,74752,0.4112341996875444,0.40760455370202936,0.41487353134538557,True
2,37,82168,33910,87298,0.4126910719501509,0.409328947488695,0.41606135993749277,True
2,38,101449,41944,107542,0.413449122219046,0.41042208228569077,0.4164827168007844,True
2,39,164866,66482,172127,0.40324869894338433,0.4008830234750803,0.4056188831780525,True
3,0.0-0.5,34281,1377,44208,0.04016802310317669,0.03814044296234636,0.04229865114739572,True
3,0.5-1.0,16452,1512,17556,0.09190371991247265,0.08758400032481373,0.09641397884873396,True
3,1.0-1.5,12996,1775,13352,0.136580486303478,0.13078363881434743,0.1425921229333957,True
3,1.5-2.0,12720,2181,13089,0.1714622641509434,0.16501151893681898,0.17811139450781238,True
3,2,23422,4745,25444,0.20258731107505765,0.19748882903640388,0.2077833384318505,True
3,3,22796,5456,24527,0.23934023512896999,0.2338454664701649,0.2449228421658038,True
3,4,22473,5918,24134,0.2633382280959373,0.2576204314896662,0.26913692217696283,True
3,5,22377,6365,23864,0.28444384859453903,0.2785700448333801,0.29039165140596057,True
3,6,22435,6611,23785,0.2946735012257633,0.2887433984339539,0.30067390909764335,True
3,7,22210,6639,23550,0.2989194056731202,0.2929339579517244,0.3049744020322597,True
3,8,22799,7220,24042,0.31668055616474405,0.31067348525236005,0.32274939481535914,True
3,9,20451,6659,21438,0.3256075497530683,0.31921834743054406,0.33206225696191444,True
3,10,26635,8806,28841,0.3306176084099869,0.324992631618643,0.3362914386316189,True
3,11,26395,8866,28368,0.3358969501799583,0.330223279742133,0.34161838167379804,True
3,12,26253,9089,28095,0.3462080524130576,0.3404758027779999,0.3519853041968772,True
3,13,26000,9006,27692,0.3463846153846154,0.3406239378112541,0.35219068077956217,True
3,14,25866,9209,27416,0.35602721719631947,0.35021364246994213,0.3618835510436045,True
3,15,26864,9686,28503,0.36055687909469925,0.3548352536151483,0.36631838010286505,True
3,16,27643,9980,29245,0.3610317259342329,0.35538931881604474,0.3667127530531702,True
3,17,28110,10129,29791,0.36033440056919247,0.354741353498626,0.36596561669359406,True
3,18,27550,10068,28965,0.36544464609800364,0.3597773266869138,0.37114948534789144,True
3,19,23803,8748,24676,0.3675166995756837,0.36141357416218484,0.3736625814249552,True
3,20,31757,11706,33932,0.36861164467676416,0.3633218105023928,0.3739332627384874,True
3,21,31736,11636,33690,0.36664986135618854,0.3613644446374752,0.37196755787636215,True
3,22,31438,11387,33288,0.36220497487117503,0.356909028363292,0.36753459328512966,True
3,23,31744,11816,33421,0.3722278225806452,0.36692579871672165,0.3775607682063035,True
3,24,32230,11872,33915,0.368352466645982,0.363102273845706,0.3736340387134523,True
3,25,33333,12390,35020,0.37170371703717037,0.3665307840126042,0.37690621872973107,True
3,26,33964,12547,35682,0.3694205629490048,0.3643025310228853,0.37456813069145795,True
3,27,35463,13282,37140,0.37453120153399316,0.3695075450180027,0.37958203841984145,True
3,28,36160,13546,37797,0.3746128318584071,0.369637465688024,0.37961483719785083,True
3,29,33863,12692,35055,0.3748043587396273,0.3696629428639052,0.3799741771207348,True
3,30,43058,16292,45785,0.3783733568674811,0.3738034627728223,0.382964951887827,True
3,31,44521,16720,46896,0.3755531097684239,0.371065638847451,0.3800620552261423,True
3,32,45836,17266,48224,0.37669081071646743,0.37226526273834376,0.38113702650516895,True
3,33,48119,17933,50470,0.37268023026247427,0.3683702890411884,0.37701049911243545,True
3,34,50738,19203,53293,0.37847372777799676,0.3742628394231466,0.38270301733046413,True
3,35,55507,20489,58123,0.36912461491343435,0.3651192173412532,0.37314812681661313,True
3,36,59853,22238,62992,0.3715436151905502,0.3676806860474337,0.3754230329433124,True
3,37,62228,22985,65413,0.3693674873047503,0.3655835521007138,0.37316755051811024,True
3,38,57649,21302,59939,0.36951204704331386,0.3655807124437923,0.3734607713327852,True
3,39,54604,19979,56209,0.36588894586477183,0.3618583274822334,0.3699384333697832,True
4,0.0-0.5,35204,394,46469,0.011191910010226111,0.010145085935362662,0.012345403796901981,True
4,0.5-1.0,17822,697,19787,0.03910896644596566,0.03636074649338409,0.04205583721506758,True
4,1.0-1.5,12883,934,13287,0.07249864162074052,0.06814708251808535,0.07710507919080073,True
4,1.5-2.0,12604,1275,12906,0.1011583624246271,0.09601494330737,0.10654483504517527,True
4,2,23111,3144,24922,0.136039115572671,0.13167952357119736,0.14051968544263385,True
4,3,22485,3907,24162,0.17376028463420057,0.1688634699876069,0.17876855744416617,True
4,4,21987,4399,23468,0.20007277027334333,0.19483735656264237,0.20541297310186676,True
4,5,21866,4840,23239,0.2213482118357267,0.21589465863048948,0.22689965955058047,True
4,6,22431,5321,23786,0.23721635236948865,0.23169485563290845,0.24282784391670634,True
4,7,22061,5578,23360,0.2528443860205793,0.24715219710228495,0.2586226370120918,True
4,8,22162,5890,23557,0.2657702373432001,0.25999524313620676,0.2716264210734663,True
4,9,20281,5524,21193,0.27237315714215277,0.26628969404594566,0.27854283745383207,True
4,10,26109,7399,28278,0.2833888697384044,0.2779547374839909,0.28888673564009837,True
4,11,25753,7456,27710,0.2895196676115404,0.2840120548244046,0.295090066143719,True
4,12,25885,7529,27642,0.2908634344214796,0.2853620356535427,0.29642690000899385,True
4,13,25597,7697,27236,0.3006993006993007,0.2951118338513504,0.30634658070327103,True
4,14,25279,7740,26752,0.30618299774516394,0.30053096089986425,0.31189393361832146,True
4,15,26456,8158,28136,0.3083610523132749,0.30282423193706476,0.3139535192948246,True
4,16,27093,8454,28795,0.3120363193444801,0.3065461689027781,0.3175797661287053,True
4,17,27348,8598,28899,0.31439227731461167,0.3089160818896488,0.3199206104082475,True
4,18,26830,8653,28280,0.32251211330600077,0.31694454750276096,0.32813049833040814,True
4,19,23191,7509,24000,0.3237894010607563,0.3177966269720614,0.32984054421689807,True
4,20,30775,9824,32934,0.31922014622258327,0.3140345716327373,0.3244508481694166,True
4,21,30812,9988,32852,0.3241594184084123,0.3189552799835994,0.32940739851614975,True
4,22,30365,9860,32137,0.3247159558702453,0.31947140125512385,0.33000485667366053,True
4,23,30692,10100,32410,0.32907598071158606,0.3238407752521011,0.33435396862486755,True
4,24,31215,10356,32804,0.3317635752042287,0.32656115121138607,0.337007403491169,True
4,25,32401,10734,33989,0.33128607141754884,0.3261812809912017,0.33643086397913513,True
4,26,32888,10861,34458,0.3302420335684748,0.32517920815275475,0.33534451272032645,True
4,27,33678,11215,35296,0.33300671061226916,0.3279925072463307,0.33805900699153696,True
4,28,34775,11618,36332,0.33409058231488137,0.32915165426212284,0.3390661624002929,True
4,29,32042,10631,33158,0.3317832844391736,0.32664808433951786,0.3369588155959796,True
4,30,41036,13706,43588,0.3339994151476752,0.3294517916600774,0.3385781161356681,True
4,31,41619,14056,43821,0.33773036353588504,0.33320179309552683,0.3422888874830908,True
4,32,43739,14679,45898,0.33560438052996183,0.33119362656232876,0.34004400972328463,True
4,33,44483,14869,46748,0.334262527257604,0.3298931683436755,0.3386605102343963,True
4,34,46352,15150,48569,0.3268467380048326,0.32259101412791824,0.3311311609862535,True
4,35,50004,16374,52561,0.32745380369570437,0.3233539010747544,0.33158021629774986,True
4,36,54258,17511,57101,0.32273581775959304,0.31881455512727574,0.3266821800959534,True
4,37,57004,18381,59797,0.32245105606624097,0.31862600891141873,0.326300032280781,True
4,38,53715,16991,55971,0.31631760215954574,0.3123980991076799,0.3202633766006868,True
4,39,18149,4951,18308,0.27279739930574687,0.26636595052951945,0.27932501170528573,True
5,0.0-0.5,35458,148,46551,0.004173952281572565,0.0035544906412396074,0.004900840116314732,True
5,0.5-1.0,21139,333,24665,0.015752873835091538,0.01416011356905467,0.017521607018588566,True
5,1.0-1.5,13279,481,13783,0.03622260712403042,0.033176385175577444,0.039537092037009336,True
5,1.5-2.0,12313,677,12671,0.05498253878015106,0.05109327184203672,0.059149405956141675,True
5,2,22552,1999,24488,0.08863958850656262,0.08499974296821314,0.09241955580891609,True
5,3,21836,2740,23369,0.12548085729987177,0.12115280057649462,0.12994066889262457,True
5,4,21396,3107,22833,0.14521405870256124,0.14055686415725616,0.1499986322909045,True
5,5,21599,3682,22986,0.17047085513218205,0.16551445203959364,0.17554445754385672,True
5,6,21673,3932,23003,0.1814238914778757,0.17634983288983158,0.18661086706749058,True
5,7,21655,4367,22944,0.20166243361810204,0.19637136060264954,0.20705933811024924,True
5,8,21783,4657,23031,0.21379057062847173,0.2083967502351373,0.21928532370071943,True
5,9,19906,4351,20835,0.2185773133728524,0.2128906191291098,0.22437260852007448,True
5,10,25723,5991,27879,0.23290440461843487,0.22777906145366014,0.238109514624019,True
5,11,25286,6060,27111,0.23965830894566162,0.23443652087074218,0.24495919033054903,True
5,12,25436,6348,27266,0.24956754206636264,0.24428721990808455,0.25492349844796064,True
5,13,24705,6305,26257,0.25521149564865414,0.2498132076919376,0.26068590044917417,True
5,14,24778,6541,26263,0.2639841795140851,0.258532546594553,0.26950898523413896,True
5,15,25521,6842,27149,0.2680929430664943,0.2626934140841467,0.2735622780961331,True
5,16,26147,7061,27681,0.2700501013500593,0.26470254061908227,0.2754652220887919,True
5,17,26376,7400,27951,0.2805580831058538,0.2751683233731351,0.2860117558885994,True
5,18,26102,7333,27454,0.28093632671825913,0.2755162291769339,0.28642089680332933,True
5,19,22556,6439,23379,0.2854672814328782,0.27961014574395204,0.2913974804798065,True
5,20,29745,8372,31814,0.2814590687510506,0.2763768175586081,0.2865977622650312,True
5,21,30055,8657,31923,0.2880385959075029,0.2829461609499323,0.2931852093288212,True
5,22,29706,8386,31440,0.2822998720797145,0.277209561451099,0.28744648168310616,True
5,23,29712,8409,31336,0.28301696284329564,0.2779231358105154,0.28816689207548607,True
5,24,29840,8702,31392,0.2916219839142091,0.28649204309976173,0.29680557097147775,True
5,25,30847,8873,32433,0.2876454760592602,0.2826205930003545,0.2927232446212423,True
5,26,31529,9169,33098,0.29081163373402263,0.2858244753395042,0.29584976235431654,True
5,27,32227,9463,33725,0.29363577124771156,0.2886882158932649,0.29863251978370864,True
5,28,32706,9579,34191,0.2928820399926619,0.28797446292197354,0.29783826690793785,True
5,29,30074,8823,31168,0.2933763383653654,0.28825702143768356,0.29854843603902576,True
5,30,38036,11251,40356,0.2957987170049427,0.29123277292210814,0.30040590519478494,True
5,31,38335,11281,40381,0.2942741619929568,0.28973298809917825,0.29885656386057635,True
5,32,39071,11674,41093,0.2987893834301656,0.294270601835966,0.30334772862452153,True
5,33,39282,11590,41259,0.29504607708365155,0.2905562113589669,0.29957602600157873,True
5,34,40538,11786,42571,0.2907395530119887,0.28633896077380144,0.2951798027941564,True
5,35,42091,12303,44132,0.2922952650210259,0.287969291066616,0.2966591494879625,True
5,36,42216,12321,44276,0.2918561682774304,0.2875385300900791,0.2962116846430809,True
5,37,39130,11248,40901,0.28745208280092,0.2829888579361032,0.2919570374855207,True
5,38,31004,8772,32117,0.2829312346793962,0.2779445539256852,0.28797170127087124,True
5,39,9103,2424,9183,0.26628583983302206,0.2573054863605691,0.27546337172520224,True
6,0.0-0.5,33595,36,43615,0.0010715880339336212,0.0007741691696669852,0.0014830991285352956,True
6,0.5-1.0,23531,179,28184,0.007606986528409332,0.006574388618568281,0.008800331388045233,True
6,1.0-1.5,13836,215,14627,0.015539173171436832,0.013608617071081946,0.017738678117614436,True
6,1.5-2.0,12297,437,12684,0.03553712287549809,0.03240726942391936,0.03895708340215069,True
6,2,22295,1221,24153,0.05476564252074456,0.051855025055103025,0.05782966816232402,True
6,3,21730,1705,23373,0.07846295444086517,0.0749616833759691,0.08211324441774408,True
6,4,20887,2122,22358,0.1015942931009719,0.09757006052064879,0.10576505068904038,True
6,5,21280,2729,22616,0.12824248120300752,0.12381702700718064,0.13280213520270914,True
6,6,21247,3085,22594,0.14519696898385653,0.14052393109761496,0.1499982852083971,True
6,7,21361,3392,22660,0.15879406394831702,0.1539541467969916,0.16375668518970565,True
6,8,20871,3652,22060,0.17497963681663553,0.16988479294506714,0.1801941077733939,True
6,9,19361,3562,20275,0.18397810030473633,0.17858306683837283,0.18949851870891093,True
6,10,25285,4816,27396,0.1904686573067036,0.18567572989589762,0.19535562584639157,True
6,11,24175,4910,25997,0.2031023784901758,0.19807829029264185,0.2082208104881002,True
6,12,24652,5163,26385,0.20943533993185137,0.2044012747896941,0.21455995020454827,True
6,13,24215,5135,25699,0.21205864133801364,0.206955924966559,0.2172527044007514,True
6,14,23961,5409,25362,0.2257418304745211,0.22049241914131212,0.23107916979837856,True
6,15,24646,5567,26153,0.225878438691877,0.2207007387925255,0.2311415805512223,True
6,16,25417,5874,26970,0.2311051658338907,0.2259636180780011,0.23632798441560007,True
6,17,25666,6061,27212,0.23614899088288008,0.2309926537492649,0.24138430084791498,True
6,18,25010,5838,26383,0.2334266293482607,0.22822515702706433,0.23870998179623423,True
6,19,21300,5219,22073,0.24502347417840376,0.23929366201581764,0.25084524326030866,True
6,20,28797,6881,30887,0.2389485015800257,0.2340581259745314,0.2439085178890979,True
6,21,28415,6941,30090,0.24427239134260073,0.23931141225408248,0.249302507885435,True
6,22,28474,7099,30174,0.2493151647116668,0.2443242190404343,0.2543737440804785,True
6,23,27830,7038,29268,0.2528925619834711,0.24781998639526087,0.2580333486327003,True
6,24,28484,7162,29906,0.25143940457800873,0.24643483148347353,0.25651101471920973,True
6,25,28989,7486,30490,0.2582358825761496,0.2532298877151197,0.26330594573695576,True
6,26,29096,7429,30500,0.2553271927412703,0.25034933918299473,0.26036964699870324,True
6,27,29946,7813,31359,0.2609029586589194,0.2559601823602005,0.2659070718559285,True
6,28,30424,7719,31835,0.25371417302129895,0.24885588222994512,0.25863465235992855,True
6,29,27767,7326,28850,0.2638383692872835,0.25868750653169154,0.2690545695312823,True
6,30,34871,9308,36998,0.26692667259327235,0.2623095859828581,0.27159510707817086,True
6,31,35287,9047,37164,0.2563833706464137,0.25185422344391284,0.2609655558384265,True
6,32,35003,9097,36825,0.2598920092563495,0.2553239376715487,0.26451277904613435,True
6,33,34751,8744,36532,0.2516186584558718,0.24708375704847493,0.2562084691488673,True
6,34,34735,8857,36407,0.25498776450266303,0.2504313578345562,0.25959836060026914,True
6,35,35530,8981,37233,0.2527723050942865,0.24828012188829252,0.2573179443787671,True
6,36,34144,8514,35744,0.24935567010309279,0.24479495915796187,0.2539727755500496,True
6,37,29211,7010,30534,0.23997809044538015,0.23511490268329288,0.24490966126984515,True
6,38,16958,3873,17445,0.22838778157801629,0.22213134830421885,0.23476724695208875,True
6,39,2048,422,2088,0.2060546875,0.18909506563627076,0.2241149989223189,True
7,0.0-0.5,32452,13,41407,0.0004005916430420313,0.00023413032615148533,0.0006853220290756859,True
7,0.5-1.0,24701,43,29889,0.001740820209708109,0.001292724399339822,0.002343874509272489,True
7,1.0-1.5,14405,99,15397,0.0068726136758070116,0.005648718239861162,0.008359458517387664,True
7,1.5-2.0,12138,195,12664,0.01606524962926347,0.0139767733868706,0.018459953509648953,True
7,2,21375,623,23279,0.029146198830409357,0.026974296797404106,0.03148731788615293,True
7,3,20620,1040,22184,0.0504364694471387,0.04753223935638645,0.05350817980587087,True
7,4,20425,1464,21814,0.07167686658506732,0.06821918354342356,0.07529564012626509,True
7,5,20702,1783,22033,0.08612694425659356,0.08238156329031926,0.09002589876618564,True
7,6,20491,2239,21801,0.10926748328534479,0.1050688656546072,0.11361258050987548,True
7,7,20867,2541,22111,0.12177121771217712,0.11740356805485562,0.12627810504068454,True
7,8,20635,2727,21801,0.13215410709958808,0.12760171674415619,0.13684343506126292,True
7,9,18732,2720,19586,0.1452060644885757,0.1402335031703452,0.15032411981895258,True
7,10,24467,3778,26457,0.15441206523071893,0.14993856420369886,0.15899407177070093,True
7,11,23825,4013,25542,0.16843651626442813,0.16373773470361114,0.17324220476604402,True
7,12,23839,4138,25553,0.17358110659004153,0.16882581118311932,0.17844158835368754,True
7,13,23046,4110,24501,0.17833897422546213,0.17345042012951964,0.18333474753948512,True
7,14,23113,4323,24458,0.1870375978886341,0.18206253862618701,0.19211667450645822,True
7,15,23632,4512,25017,0.1909275558564658,0.18596683678434112,0.19598874376075787,True
7,16,24542,4856,26028,0.19786488468747454,0.1929279787964342,0.2028963631972011,True
7,17,24726,4935,26184,0.1995874787672895,0.1946523255348372,0.20461596577520497,True
7,18,24163,4795,25464,0.19844390183338162,0.19346318434875195,0.20352049100251943,True
7,19,20410,4325,21210,0.21190592846643802,0.20635386621961122,0.21756642127786796,True
7,20,27621,5809,29577,0.21031099525723182,0.20554531687277772,0.21515724382534412,True
7,21,26638,5508,28279,0.2067722802012163,0.2019512126389054,0.21167791125769483,True
7,22,27122,5748,28694,0.21193127350490376,0.20710845384643126,0.21683568656320676,True
7,23,26828,5761,28218,0.21473833308483672,0.20986548414662895,0.2196928656611606,True
7,24,26311,5766,27713,0.21914788491505455,0.21419057365653693,0.22418719716006574,True
7,25,27370,6115,28766,0.22341980270369016,0.21852397586721864,0.22839325916200723,True
7,26,27374,6062,28714,0.22145101190911085,0.2165713785985431,0.22640881601256171,True
7,27,27735,6082,29117,0.2192897061474671,0.2144591331299612,0.22419803127015567,True
7,28,27535,6280,28841,0.22807336117668423,0.22315540886718876,0.2330671796675447,True
7,29,25576,5672,26576,0.2217704097591492,0.21672090909825803,0.2269034798815392,True
7,30,31612,7076,33398,0.22383904846260913,0.2192778838994346,0.22846732494548821,True
7,31,31212,6966,32897,0.2231833910034602,0.21859821744650465,0.2278366978306154,True
7,32,30336,6764,31876,0.22296940928270043,0.21832063319105857,0.22768834003970476,True
7,33,29786,6646,31252,0.2231249580339757,0.21843259161092604,0.22788873424667772,True
7,34,28997,6289,30364,0.21688450529365108,0.2121785889193858,0.221665427524606,True
7,35,28029,6156,29323,0.21962966927111205,0.21482154839787604,0.2245146336322753,True
7,36,24617,5154,25756,0.20936751025713937,0.20433051577333697,0.21449519975378786,True
7,37,18530,3807,19389,0.20545062061521857,0.199694507491975,0.21132883911955538,True
7,38,8296,1658,8507,0.1998553519768563,0.19138988777294186,0.2085986614061171,True
7,39,354,72,375,0.2033898305084746,0.16474673246429475,0.24840143141603663,True
8,0.0-0.5,29793,2,37115,6.712986271943074e-05,1.8409237356460976e-05,0.00024475959460457477,True
8,0.5-1.0,25034,24,30428,0.000958696173204442,0.0006443478338540505,0.0014261820795550989,True
8,1.0-1.5,14758,52,15972,0.003523512671093644,0.0026881341901659663,0.004617295777325352,True
8,1.5-2.0,12209,78,12723,0.006388729625685969,0.005122423815314381,0.007965570382530615,True
8,2,20876,351,22825,0.01681356581720636,0.015156225742505875,0.018648705038195063,True
8,3,20159,629,21744,0.031201944540899845,0.028889732737165837,0.033692795312848696,True
8,4,20063,914,21440,0.04555649703434182,0.0427570447819917,0.048529946789218,True
8,5,20378,1288,21737,0.06320541760722348,0.05994606008184226,0.06662943052544416,True
8,6,19980,1491,21297,0.07462462462462463,0.07106199726104465,0.07835079632314793,True
8,7,19922,1810,21130,0.09085433189438812,0.08694184187791126,0.09492458428097181,True
8,8,20106,2047,21356,0.10181040485427235,0.09770620695158508,0.10606673574528827,True
8,9,18257,1978,19103,0.10834200580599222,0.10391555028225667,0.11293325037762093,True
8,10,23627,2863,25683,0.1211749269903077,0.11707528224062569,0.12539774081074123,True
8,11,22812,3094,24578,0.1356303699807119,0.1312484018954749,0.14013503898535587,True
8,12,22792,3167,24412,0.13895226395226395,0.13452240317754188,0.14350381367421933,True
8,13,22365,3128,23810,0.13986139056561592,0.1353774681612418,0.14446901257918238,True
8,14,22176,3411,23402,0.15381493506493507,0.14912653760915182,0.1586232526328127,True
8,15,22726,3614,24120,0.1590249053947021,0.1543279348681484,0.1638371332069411,True
8,16,23240,3824,24670,0.16454388984509466,0.15983245226045545,0.1693662116987758,True
8,17,23296,3871,24639,0.1661658653846154,0.1614410033905745,0.1710008102911117,True
8,18,22790,3900,24030,0.17112768758227292,0.1662934489332859,0.17607278037314217,True
8,19,19760,3448,20482,0.17449392712550607,0.16926541806203416,0.1798489767831461,True
8,20,25573,4536,27386,0.17737457474680327,0.17274134284415155,0.18210472227750907,True
8,21,25545,4583,27038,0.17940888627911528,0.17475188536440672,0.18416229726530592,True
8,22,25512,4728,26942,0.18532455315145813,0.18060398355416693,0.19013987621332742,True
8,23,24569,4587,25973,0.18669868533517847,0.18187522320054036,0.19162010751448774,True
8,24,24828,4641,26155,0.18692605123247946,0.1821252504542186,0.19182371996769323,True
8,25,25350,4699,26648,0.18536489151873767,0.180629006725241,0.19019612298606872,True
8,26,25184,4717,26431,0.18730146124523506,0.1825305943088101,0.19216771251236667,True
8,27,25255,4903,26481,0.1941397743021184,0.18930813031041874,0.19906445444026125,True
8,28,25210,4969,26300,0.19710432368107894,0.19223988647753673,0.20206105971386004,True
8,29,22769,4330,23570,0.1901708463261452,0.1851258265284131,0.1953203976265909,True
8,30,27787,5385,29373,0.1937956598409328,0.18919050410965974,0.19848547040994605,True
8,31,26917,5306,28344,0.1971244938143181,0.19241519233535676,0.20192023587057273,True
8,32,26154,5057,27508,0.1933547449720884,0.18861355522790643,0.198186003952848,True
8,33,24927,4784,26150,0.19192040759016327,0.1870791533230723,0.19685660598960164,True
8,34,23306,4338,24361,0.18613232643954347,0.18118719021678673,0.19118091716666288,True
8,35,21541,3966,22541,0.18411401513393064,0.1789946493761948,0.18934603037148084,True
8,36,17881,3180,18710,0.17784240255019293,0.17230703697705088,0.18351616472242624,True
8,37,11326,1909,11754,0.16855023838954616,0.16176841204113057,0.1755568335298225,True
8,38,3623,522,3692,0.14407949213359095,0.1330212365219091,0.1558917394404268,True
8,39,150,20,170,0.13333333333333333,0.08799732892586415,0.19698150644766288,True
9,0.0-0.5,26882,0,32451,0.0,0.0,0.000142885614560788,True
9,0.5-1.0,24034,10,29282,0.0004160772239327619,0.00022602523425475663,0.0007658109046438373,True
9,1.0-1.5,14943,14,16335,0.000936893528742555,0.0005581850482211529,0.0015721379224859157,True
9,1.5-2.0,11981,23,12591,0.0019197062014856857,0.0012795804484005701,0.0028791395133217447,True
9,2,20156,201,22164,0.009972216709664616,0.008690805609698902,0.011440384309967928,True
9,3,19674,334,21268,0.01697672054488157,0.015263561503631746,0.018878475700285984,True
9,4,19281,592,20674,0.03070380167003786,0.02836064206045369,0.03323393178349222,True
9,5,19336,813,20691,0.04204592470004137,0.0393068784160247,0.044966903847011,True
9,6,19680,1055,21004,0.05360772357723577,0.050546973668221695,0.05684271392203,True
9,7,19066,1279,20177,0.06708276513164796,0.06361824109899405,0.0707217106287644,True
9,8,19064,1426,20202,0.07480067142257658,0.07115134187716073,0.07862133087254368,True
9,9,17694,1457,18536,0.08234429750197807,0.07838396468661157,0.08648594803766096,True
9,10,22659,2138,24697,0.09435544375303412,0.09061764978123994,0.09823076011983796,True
9,11,22126,2308,23770,0.10431166952906083,0.1003524927807059,0.10840822424132648,True
9,12,21732,2384,23242,0.10969998159396283,0.10561369417494307,0.11392423252765124,True
9,13,21434,2558,22809,0.11934309974806383,0.11507099776153214,0.1237516269937511,True
9,14,21116,2502,22367,0.11848835006630043,0.11419843647194788,0.12291705401544287,True
9,15,21751,2867,23147,0.1318100317226794,0.1273792679618957,0.13637082985541044,True
9,16,22171,2914,23442,0.13143295295656487,0.12704921780955938,0.13594439022595414,True
9,17,22440,3062,23727,0.13645276292335115,0.13202357251590577,0.1410064064516877,True
9,18,21792,3084,22987,0.14151982378854625,0.13695511220336815,0.14621090236337375,True
9,19,19039,2686,19721,0.14107883817427386,0.13620649488063688,0.1460959951006903,True
9,20,24235,3537,25997,0.14594594594594595,0.14155704256003726,0.15044707697676435,True
9,21,23783,3527,25299,0.1482992053147206,0.1438391627258923,0.1528728480019212,True
9,22,23530,3601,24920,0.15303867403314916,0.14849512958692065,0.1576954925170371,True
9,23,23231,3574,24483,0.15384615384615385,0.1492637145570417,0.15854305783773973,True
9,24,22833,3565,23996,0.15613366618490782,0.15148329992700443,0.16089972242578887,True
9,25,22998,3744,24188,0.1627967649360814,0.15808170931242826,0.16762445501486628,True
9,26,23299,3696,24410,0.1586334177432508,0.15399861373668977,0.16338077402003776,True
9,27,22744,3519,23816,0.15472212451635597,0.1500804612332418,0.15948040717020268,True
9,28,22895,3672,23971,0.16038436339812187,0.1556879668469745,0.16519471046714784,True
9,29,20245,3230,21013,0.1595455668066189,0.15456597220309082,0.1646543430963286,True
9,30,24440,3832,25919,0.15679214402618658,0.15228748549247625,0.1614046798175788,True
9,31,22924,3766,24145,0.16428197522247426,0.1595416729656263,0.16913477776491256,True
9,32,22196,3496,23308,0.15750585691115515,0.1527728005266753,0.16235744797023283,True
9,33,20440,3239,21433,0.15846379647749512,0.15352173137674813,0.16353421763823545,True
9,34,18561,2877,19397,0.15500242443833845,0.14986728582119554,0.16028034290944762,True
9,35,16039,2497,16750,0.1556830226323337,0.15015453133085432,0.16137641341150355,True
9,36,12111,1799,12627,0.14854264718024937,0.14232018995182893,0.15498799771774818,True
9,37,6589,899,6869,0.13643952041280924,0.12836282286460732,0.14493990596176098,True
9,38,1318,153,1337,0.11608497723823975,0.09989602263716571,0.13450543666022666,True
9,39,47,7,56,0.14893617021276595,0.07406626087497505,0.2768589657111277,True
10,0.0-0.5,22886,0,26945,0.0,0.0,0.00016782990756912883,True
10,0.5-1.0,22468,7,26850,0.00031155421043261525,0.00015092568658224884,0.0006430279340235496,True
10,1.0-1.5,14613,6,15903,0.0004105933073290905,0.0001881891822455648,0.0008956017237186894,True
10,1.5-2.0,11950,10,12540,0.0008368200836820083,0.00045461574413495245,0.0015398560581348713,True
10,2,19707,92,21653,0.004668391941949561,0.003808410418202596,0.0057214515639463556,True
10,3,19124,185,20750,0.009673708429198912,0.008381590331666255,0.011162778960894175,True
10,4,18550,328,19984,0.017681940700808627,0.0158827767277489,0.019680833991014595,True
10,5,18837,515,20170,0.0273398099485056,0.02510564777047138,0.029766720563648045,True
10,6,18677,626,19927,0.03351716014349199,0.031030304214311546,0.03619587471758412,True
10,7,18537,839,19770,0.045260829691967416,0.042361337044445925,0.048348763191780685,True
10,8,18307,1015,19381,0.05544327306494783,0.052220558233780655,0.058852523191378965,True
10,9,17021,1062,17792,0.06239351389460079,0.058857672858359904,0.0661268438845154,True
10,10,21644,1581,23388,0.07304564775457402,0.06965421502535037,0.07658861409808522,True
10,11,21033,1642,22556,0.07806779822184187,0.07451866880609087,0.08177102821762966,True
10,12,20804,1846,22272,0.08873293597385118,0.08494437989349057,0.09267335052983214,True
10,13,20112,1817,21415,0.09034407319013524,0.08645989099691859,0.09438472253394156,True
10,14,19950,1945,21118,0.0974937343358396,0.09345467805467177,0.10168777511584955,True
10,15,20452,2203,21742,0.1077156268335615,0.10354013188739884,0.11203846351979284,True
10,16,21152,2318,22413,0.10958774583963692,0.10544866855191704,0.11386860975479898,True
10,17,21186,2325,22411,0.1097422826394789,0.10560384500679801,0.11402222336362342,True
10,18,20432,2352,21553,0.11511354737666406,0.11080940749292593,0.11956239182655988,True
10,19,17359,2106,17968,0.12132035255487067,0.11654686520306726,0.1262614087605678,True
10,20,22561,2795,24104,0.12388635255529454,0.11965125995908485,0.12824950970552473,True
10,21,22040,2770,23441,0.12568058076225044,0.12136928454660782,0.1301223429381405,True
10,22,22022,2872,23284,0.1304150395059486,0.1260315973669052,0.13492740271961137,True
10,23,21161,2680,22329,0.12664807901327915,0.12223466785978643,0.13119702330864647,True
10,24,20938,2760,22089,0.13181774763587736,0.12730293799316122,0.13646763698817188,True
10,25,20951,2743,22053,0.13092453820820008,0.12642446594347664,0.13555993388133522,True
10,26,20714,2742,21780,0.13237423964468475,0.12782711489442372,0.13705769820309516,True
10,27,20250,2703,21273,0.13348148148148148,0.12886664685465293,0.1382353531925875,True
10,28,20103,2815,20994,0.14002885141521165,0.13530051938242982,0.14489473515222567,True
10,29,17556,2339,18193,0.13323080428343587,0.1282840861484892,0.1383380000097367,True
10,30,20959,2754,22145,0.13139939882627988,0.12689306403552772,0.13604083133865671,True
10,31,19307,2598,20328,0.13456259387786812,0.12982152575626388,0.1394490584941916,True
10,32,18241,2409,19188,0.13206512800833287,0.12722925013126535,0.13705594925352954,True
10,33,16471,2248,17234,0.13648230222815858,0.13132411371452532,0.14181002069803253,True
10,34,14143,1831,14788,0.129463338754154,0.1240309024216514,0.13509701486555423,True
10,35,11450,1497,11957,0.13074235807860263,0.1246910173810763,0.13704139561125978,True
10,36,7697,859,8015,0.11160192282707548,0.10476023518292486,0.11883111878025755,True
10,37,3491,371,3629,0.10627327413348611,0.09647912051647824,0.11693301238247779,True
10,38,545,50,551,0.09174311926605505,0.07028186456099798,0.1189195370820262,True
10,39,26,3,41,0.11538461538461539,0.04003171821149494,0.28976293086898336,False
11-15,0.0-0.5,44349,0,77477,0.0,0.0,8.661451806506125e-05,True
11-15,0.5-1.0,47128,0,91052,0.0,0.0,8.150753014497103e-05,True
11-15,1.0-1.5,39156,1,64953,2.5538870160384105e-05,4.508135950367613e-06,0.00014466509257464254,True
11-15,1.5-2.0,36152,5,55183,0.0001383049347200708,5.907613072846801e-05,0.0003237555055291706,True
11-15,2,52738,53,97088,0.0010049679547954036,0.0007684636858442003,0.0013141636299224908,True
11-15,3,52174,136,90998,0.0026066623222294628,0.0022042423709460455,0.003082323564736507,True
11-15,4,52499,285,88550,0.00542867483190156,0.004835286314937296,0.0060944382963873615,True
11-15,5,52754,490,87000,0.00928839519278159,0.008504775892107446,0.01014347752696344,True
11-15,6,52753,701,86270,0.013288343790874452,0.01234602369812825,0.014301545742419913,True
11-15,7,52989,961,85785,0.018135839513861367,0.017034067775389242,0.019307474626443385,True
11-15,8,52963,1250,84709,0.023601382096935596,0.022342658032681886,0.024929211015292455,True
11-15,9,50277,1470,76449,0.029238021361656423,0.02780094847223909,0.030747029372268583,True
11-15,10,57192,1982,100899,0.034655196530983354,0.03318713413249201,0.03618576936894016,True
11-15,11,56659,2227,96796,0.03930531777828765,0.03773622751517298,0.04093687595304419,True
11-15,12,56655,2480,95215,0.043773718118436146,0.04211971890762566,0.04548958371532102,True
11-15,13,56172,2720,92020,0.048422701701915545,0.04667819391140553,0.050228971961833485,True
11-15,14,56213,2971,90408,0.05285254300606621,0.05103330293209,0.0547328950750211,True
11-15,15,57258,3218,92114,0.05620175346676447,0.05434487419358021,0.058118180085833665,True
11-15,16,57743,3503,92424,0.060665362035225046,0.05874733991685371,0.06264183749575132,True
11-15,17,57901,3639,91202,0.0628486554636362,0.06090069594986084,0.06485461912900813,True
11-15,18,56647,3747,87092,0.06614648613342278,0.0641290353243887,0.0682227777861865,True
11-15,19,50870,3520,72251,0.06919598977786515,0.06702292645508652,0.07143411509060248,True
11-15,20,57558,4013,96173,0.06972097710135863,0.06766895035155343,0.07183043633936856,True
11-15,21,56187,4209,91118,0.07491056650114795,0.07276279409798647,0.07711646309398981,True
11-15,22,54851,4145,87533,0.07556835791507903,0.0733860304591863,0.07781013305320635,True
11-15,23,53491,4144,83661,0.07747097642594081,0.0752356391396835,0.079766999469868,True
11-15,24,52697,4272,81884,0.08106723342884795,0.0787672711946745,0.08342827142831086,True
11-15,25,51954,4315,79243,0.08305424028948685,0.08071194688220655,0.08545818902274606,True
11-15,26,50051,4123,75862,0.08237597650396596,0.07999920933640477,0.0848168471387395,True
11-15,27,48651,4074,73243,0.08373928593451317,0.0813106178556379,0.08623368671774295,True
11-15,28,46011,3840,68176,0.0834583034491752,0.08096576542165342,0.08602039236618518,True
11-15,29,40112,3332,56806,0.08306741124850418,0.0804063065496455,0.08580836910108294,True
11-15,30,41992,3658,65924,0.08711183082491904,0.08445221552181495,0.089846984616134,True
11-15,31,37393,3206,58059,0.08573797234776563,0.08294254716549175,0.08861850787291022,True
11-15,32,33141,2786,49937,0.08406505536948192,0.08112551055394025,0.08710101673771527,True
11-15,33,27768,2418,41330,0.08707865168539326,0.08381918840700324,0.09045235143931364,True
11-15,34,21643,1890,31293,0.08732615626299496,0.08363780531519792,0.09116097918738743,True
11-15,35,15085,1301,21524,0.08624461385482267,0.08186942789887781,0.09083048300747036,True
11-15,36,8175,690,11134,0.08440366972477065,0.07857091058010386,0.09062683986905513,True
11-15,37,2590,151,3248,0.0583011583011583,0.04991428628048739,0.06799638336102039,True
11-15,38,227,5,270,0.022026431718061675,0.009444068665373201,0.050517394086574456,True
11-15,39,31,4,127,0.12903225806451613,0.05134201164644764,0.28852756954385356,True
16-20,0.0-0.5,25133,0,35515,0.0,0.0,0.00015282747375867616,True
16-20,0.5-1.0,28900,0,43125,0.0,0.0,0.00013290966831204886,True
16-20,1.0-1.5,27812,0,39982,0.0,0.0,0.0001381083504588263,True
16-20,1.5-2.0,27409,0,39305,0.0,0.0,0.00014013870054244943,True
16-20,2,41327,0,74498,0.0,0.0,9.294753872130201e-05,True
16-20,3,40709,4,70488,9.825837038492716e-05,3.8210785907029154e-05,0.0002526458464141105,True
16-20,4,40173,19,68399,0.0004729544719089936,0.0003028129246593382,0.0007386228461405248,True
16-20,5,40457,37,67969,0.0009145512519465111,0.0006636102501581997,0.0012602647094768463,True
16-20,6,40214,69,66169,0.0017158203610682847,0.001356133937089846,0.002170698790800753,True
16-20,7,39927,118,64669,0.0029553935933077868,0.0024686341580190696,0.003537790710321296,True
16-20,8,39101,133,62907,0.0034014475333111684,0.002871098437583248,0.004029366797903091,True
16-20,9,37019,185,56448,0.004997433750236365,0.004328661069466223,0.005768932303809589,True
16-20,10,41732,245,73485,0.005870794594076488,0.0051819222456229545,0.006650631767137148,True
16-20,11,40607,284,69545,0.0069938680523062525,0.006228632378128649,0.007852375979994124,True
16-20,12,40204,348,67623,0.00865585513879216,0.007796126606960774,0.009609473200217138,True
16-20,13,39201,388,64590,0.009897706691155838,0.008964628120459069,0.010926833448410021,True
16-20,14,38080,415,61527,0.010898109243697478,0.009903525687314615,0.011991366344795928,True
16-20,15,38810,508,62390,0.013089409945890234,0.01200583817629396,0.014269365667481191,True
16-20,16,38281,548,61412,0.014315195527807528,0.013173033199359035,0.0155548275945067,True
16-20,17,37308,604,59136,0.016189557199528252,0.014957823830181557,0.017520916109580627,True
16-20,18,35521,629,54607,0.017707834801948142,0.016387506489913547,0.019132471732874638,True
16-20,19,31430,578,44734,0.018390073178491888,0.01696245115431727,0.019935412452655926,True
16-20,20,34538,652,57635,0.01887775783195321,0.01749504379816131,0.020367488696342397,True
16-20,21,32714,629,53413,0.01922724215932017,0.017794610176364644,0.020772775026698383,True
16-20,22,31099,647,49249,0.020804527476767743,0.019276367645320907,0.02245106088648244,True
16-20,23,29254,632,45691,0.021603883229643808,0.019999578032128637,0.023333816732029222,True
16-20,24,27168,627,42041,0.02307862190812721,0.021359394518231357,0.024932705167790656,True
16-20,25,25649,591,39284,0.023041833989629227,0.021275819899546213,0.024950700284478943,True
16-20,26,23529,585,35751,0.024862935101364274,0.022949560455825885,0.026931436491011165,True
16-20,27,21127,540,31728,0.025559710323283004,0.023516306467513418,0.027775621252014805,True
16-20,28,18480,503,27635,0.02721861471861472,0.024968966606289496,0.029664784420877926,True
16-20,29,14901,364,21176,0.024427890745587544,0.02206907241310358,0.02703185865616723,True
16-20,30,13930,371,21706,0.026633165829145728,0.02408705165141022,0.029440297188266563,True
16-20,31,10937,301,16442,0.02752125811465667,0.02461714602543212,0.03075716814067371,True
16-20,32,8136,205,12149,0.025196656833824976,0.02200868039291217,0.028832800355312715,True
16-20,33,5394,121,7861,0.02243233222098628,0.01880707800278058,0.02673734849539603,True
16-20,34,3078,56,4363,0.018193632228719947,0.014037437444445196,0.0235509966918193,True
16-20,35,1387,20,1913,0.014419610670511895,0.009353595674545568,0.022168038420954588,True
16-20,36,367,3,458,0.008174386920980926,0.0027837958081853263,0.023754758658196005,True
16-20,37,37,1,46,0.02702702702702703,0.00478685105490774,0.13824378437563367,True
16-20,38,5,1,10,0.2,0.03622316096978745,0.6244717358814613,False
16-20,39,15,1,43,0.06666666666666667,0.011866588606194883,0.2981707755242399,False
21-25,0.0-0.5,16174,0,21934,0.0,0.0,0.00023746060166641758,True
21-25,0.5-1.0,19019,0,26710,0.0,0.0,0.00020194669549264394,True
21-25,1.0-1.5,18714,0,25692,0.0,0.0,0.00020523733890343422,True
21-25,1.5-2.0,19143,0,26330,0.0,0.0,0.0002006388353889134,True
21-25,2,30008,0,51912,0.0,0.0,0.00012800280806493392,True
21-25,3,29850,0,50478,0.0,0.0,0.0001286802566809358,True
21-25,4,29563,0,49615,0.0,0.0,0.00012992933272926925,True
21-25,5,29309,2,48540,6.823842505714968e-05,1.8713245198814535e-05,0.0002488009080520255,True
21-25,6,28484,5,46856,0.00017553714365959837,7.498012614669521e-05,0.0004108973297290774,True
21-25,7,28320,5,45892,0.00017655367231638418,7.541434623721551e-05,0.00041327642514458736,True
21-25,8,27791,9,44796,0.0003238458493756972,0.00017038863911240948,0.0006154262366953375,True
21-25,9,25215,12,38520,0.0004759071980963712,0.00027226650606484315,0.0008317334492701394,True
21-25,10,28335,20,50202,0.0007058408328921829,0.0004569857408852083,0.0010900640863032117,True
21-25,11,27363,22,46927,0.000804005408763659,0.0005310325618133629,0.0012171267873458767,True
21-25,12,26399,34,44559,0.0012879275730141293,0.0009218365859225126,0.001799143264973536,True
21-25,13,25275,45,41443,0.0017804154302670622,0.0013309448099972122,0.002381313903629918,True
21-25,14,24175,43,39049,0.0017786970010341262,0.0013208570115825805,0.0023948544971110373,True
21-25,15,23986,49,38382,0.002042858334028183,0.0015456909924710695,0.00269950585784911,True
21-25,16,23181,49,37187,0.0021138000949053105,0.0015993796793538483,0.0027932144887253514,True
21-25,17,22014,76,35032,0.0034523485054965023,0.002759381659884357,0.004318587326866824,True
21-25,18,20241,64,31442,0.003161899115656341,0.0024770859969769606,0.004035269229353879,True
21-25,19,17334,57,24744,0.0032883350640359986,0.002539135454086264,0.004257650600297807,True
21-25,20,18511,74,30827,0.003997623034952191,0.003185806430576317,0.005015268322339745,True
21-25,21,16856,84,27409,0.0049833887043189366,0.00402727769200106,0.006165083783091328,True
21-25,22,15449,94,24850,0.006084536215936307,0.0049750507265819,0.007439597981135392,True
21-25,23,13812,81,21538,0.0058644656820156385,0.004721248877022348,0.007282478785865739,True
21-25,24,12239,70,18795,0.0057194215213661245,0.00452973231931372,0.007219304766978403,True
21-25,25,10746,55,16490,0.005118183510143309,0.003934533707441428,0.006655538615112608,True
21-25,26,9151,41,13870,0.0044803846574144905,0.003304520245400392,0.006072113862610826,True
21-25,27,7682,37,11577,0.0048164540484248895,0.003496458332309384,0.006631463117437902,True
21-25,28,6199,39,9119,0.006291337312469753,0.004605777106767768,0.008588433752977548,True
21-25,29,4348,25,6126,0.005749770009199632,0.0038976652378880823,0.008474476248143948,True
21-25,30,3620,12,5716,0.0033149171270718232,0.0018973036779135063,0.005785592837210113,True
21-25,31,2357,7,3646,0.002969876962240136,0.0014393368198913864,0.006117968168295877,True
21-25,32,1428,3,2121,0.0021008403361344537,0.000714713929505663,0.006158672065146259,True
21-25,33,693,2,993,0.002886002886002886,0.0007917866148798745,0.010461272903954821,True
21-25,34,286,1,425,0.0034965034965034965,0.000617469711820931,0.019536987067330164,True
21-25,35,71,0,99,0.0,0.0,0.05132974174790491,True
21-25,36,9,0,12,0.0,0.0,0.2991527535509594,False
21-25,38,2,0,3,0.0,0.0,0.6576280471103807,False
21-25,39,2,0,2,0.0,0.0,0.6576280471103807,False
26-30,0.0-0.5,10872,0,14467,0.0,0.0,0.00035322323929395954,True
26-30,0.5-1.0,13125,0,17862,0.0,0.0,0.000292607689013477,True
26-30,1.0-1.5,12949,0,17314,0.0,0.0,0.00029658356973963145,True
26-30,1.5-2.0,12926,0,17254,0.0,0.0,0.0002971111417173123,True
26-30,2,20282,0,34413,0.0,0.0,0.000189373459368824,True
26-30,3,20191,0,33247,0.0,0.0,0.0001902267953416381,True
26-30,4,19877,0,32629,0.0,0.0,0.00019323125636693366,True
26-30,5,19704,0,32627,0.0,0.0,0.00019492748510826268,True
26-30,6,19222,0,31231,0.0,0.0,0.00019981439980239928,True
26-30,7,18518,0,29861,0.0,0.0,0.00020740918116911222,True
26-30,8,18004,0,28490,0.0,0.0,0.00021332928650371954,True
26-30,9,16136,0,24441,0.0,0.0,0.0002380196841584864,True
26-30,10,17757,1,31165,5.631581911358901e-05,9.940938362897045e-06,0.0003189623946863657,True
26-30,11,17013,4,28424,0.00023511432434021042,9.143356926237718e-05,0.0006044417452260646,True
26-30,12,16019,1,26718,6.242586928022972e-05,1.1019500328973453e-05,0.00035356002593932593,True
26-30,13,15146,2,24663,0.00013204806549584047,3.6212331324895564e-05,0.0004813904401786692,True
26-30,14,14249,7,22655,0.0004912625447399818,0.00023798869289950834,0.0010138037917654442,True
26-30,15,13761,5,22361,0.0003633456870866943,0.0001552069397383914,0.0008503694702364244,True
26-30,16,12880,3,20684,0.0002329192546583851,7.921522243131582e-05,0.0006846563234591582,True
26-30,17,11786,4,18635,0.00033938571186153065,0.00013198600652286526,0.0008724040779037141,True
26-30,18,10753,3,16723,0.0002789919092346322,9.48851426122161e-05,0.0008200302541153883,True
26-30,19,8787,7,12500,0.0007966313872766587,0.00038594232286459597,0.0016436244480802931,True
26-30,20,8710,6,14445,0.0006888633754305396,0.000315744987551682,0.0015022361885119267,True
26-30,21,7622,6,12298,0.0007871949619522435,0.00036082194956937863,0.0017165356498856114,True
26-30,22,6601,5,10502,0.0007574609907589759,0.00032357931735628735,0.0017720954676377994,True
26-30,23,5702,6,8930,0.001052262364082778,0.0004823411212437471,0.0022940415950237357,True
26-30,24,4810,8,7384,0.0016632016632016633,0.0008430082065105141,0.0032787726181846733,True
26-30,25,3998,4,6041,0.0010005002501250625,0.0003891353487545429,0.002569902310307225,True
26-30,26,3254,4,4821,0.001229256299938537,0.00047812663217975597,0.0031566725551103805,True
26-30,27,2449,3,3617,0.0012249897917517355,0.00041668503970568294,0.0035956409091040574,True
26-30,28,1765,0,2593,0.0,0.0,0.002171816854601339,True
26-30,29,1104,2,1556,0.0018115942028985507,0.0004969347303790186,0.0065813334985807895,True
26-30,30,755,0,1237,0.0,0.0,0.005062453086388517,True
26-30,31,415,0,624,0.0,0.0,0.009171963816392641,True
26-30,32,222,0,317,0.0,0.0,0.017010152248301463,True
26-30,33,95,0,121,0.0,0.0,0.038866226366226365,True
26-30,34,24,0,34,0.0,0.0,0.13798057582897535,False
26-30,35,7,0,8,0.0,0.0,0.35433884297520657,False
26-30,36,1,0,1,0.0,0.0,0.7934567085261071,False
26-30,38,2,0,3,0.0,0.0,0.6576280471103807,False
31+,0.0-0.5,16876,0,23900,0.0,0.0,0.00022758507402107373,True
31+,0.5-1.0,20943,0,31088,0.0,0.0,0.00018339757722710804,True
31+,1.0-1.5,20776,0,29814,0.0,0.0,0.00018487147659489376,True
31+,1.5-2.0,20669,0,29702,0.0,0.0,0.00018582834785518793,True
31+,2,28622,0,56914,0.0,0.0,0.0001342004212026381,True
31+,3,27721,0,54287,0.0,0.0,0.00013856165728283183,True
31+,4,26794,0,52086,0.0,0.0,0.0001433548289948844,True
31+,5,25881,0,50442,0.0,0.0,0.0001484111844053162,True
31+,6,24645,0,47526,0.0,0.0,0.00015585316593539226,True
31+,7,23334,0,44608,0.0,0.0,0.00016460819581533192,True
31+,8,22065,0,41698,0.0,0.0,0.00017407347742257571,True
31+,9,19497,0,34128,0.0,0.0,0.00019699662603279647,True
31+,10,20172,0,42623,0.0,0.0,0.0001904059357801461,True
31+,11,18443,0,37451,0.0,0.0,0.0002082524522788768,True
31+,12,16947,0,33644,0.0,0.0,0.00022663181514244107,True
31+,13,15490,0,30194,0.0,0.0,0.00024794367331082044,True
31+,14,14047,0,26789,0.0,0.0,0.0002734071103612754,True
31+,15,12860,0,24563,0.0,0.0,0.00029863551802441346,True
31+,16,11435,0,21609,0.0,0.0,0.00033583820235783316,True
31+,17,9982,0,18721,0.0,0.0,0.00038470468027451986,True
31+,18,8299,0,14934,0.0,0.0,0.00046268496799938946,True
31+,19,6487,0,10535,0.0,0.0,0.0005918492911612571,True
31+,20,5820,2,11314,0.0003436426116838488,9.4242285163027e-05,0.0012522229071595115,True
31+,21,4732,2,8680,0.00042265426880811494,0.00011591227176675561,0.0015398863512277295,True
31+,22,3853,0,7067,0.0,0.0,0.000996048165421157,True
31+,23,3096,0,5426,0.0,0.0,0.0012392891301284555,True
31+,24,2406,0,4238,0.0,0.0,0.0015941296722572968,True
31+,25,1794,0,3082,0.0,0.0,0.002136784464215312,True
31+,26,1246,0,2068,0.0,0.0,0.003073669495398457,True
31+,27,873,0,1401,0.0,4.336808689942018e-19,0.0043811789951571645,True
31+,28,503,0,805,0.0,0.0,0.007579488345076647,True
31+,29,295,0,449,0.0,0.0,0.012854970660041976,True
31+,30,161,0,305,0.0,0.0,0.023304796847397745,True
31+,31,71,0,116,0.0,0.0,0.05132974174790491,True
31+,32,28,0,54,0.0,0.0,0.12064720365810762,False
31+,33,6,0,9,0.0,0.0,0.3903430336530645,False
31+,34,4,0,7,0.0,0.0,0.48990002040399916,False
31+,35,2,0,3,0.0,0.0,0.6576280471103807,False
31+,36,4,0,16,0.0,0.0,0.48990002040399916,False
31+,37,4,0,15,0.0,0.0,0.48990002040399916,False
31+,38,4,0,13,0.0,0.0,0.48990002040399916,False
31+,39,1,0,1,0.0,0.0,0.7934567085261071,False
