deficit_bucket,time_bucket,venue,n_games,n_wins,n_observations,trailing_team_win_pct,ci_lower,ci_upper,adequate_sample
1,0.0-0.5,away,540,101,595,0.18703703703703703,0.15640005946825414,0.22209544363411976,True
1,0.5-1.0,away,395,115,405,0.2911392405063291,0.24852081640491352,0.33778111398549715,True
1,1.0-1.5,away,350,110,357,0.3142857142857143,0.2678889260758104,0.36471504134916155,True
1,1.5-2.0,away,335,112,341,0.33432835820895523,0.2859402555460786,0.38647304907767477,True
1,2,away,638,222,684,0.34796238244514105,0.31201053155919106,0.385734207952863,True
1,3,away,625,229,664,0.3664,0.32954814969949775,0.404884177932771,True
1,4,away,613,252,655,0.4110929853181077,0.37281316237694284,0.4504802082387874,True
1,5,away,584,225,622,0.3852739726027397,0.34667501703151543,0.42537241887638894,True
1,6,away,624,244,660,0.391025641025641,0.3535156376374389,0.42986921612185325,True
1,7,away,649,265,684,0.4083204930662558,0.37115136986442826,0.44656857935449396,True
1,8,away,637,237,662,0.37205651491365777,0.33539203750774066,0.4102549367211484,True
1,9,away,597,235,625,0.3936348408710218,0.35524379691113295,0.43338601833468227,True
1,10,away,737,297,790,0.40298507462686567,0.36816376404643564,0.4388125180629923,True
1,11,away,775,318,825,0.4103225806451613,0.37621578515046444,0.44531403554735133,True
1,12,away,723,280,773,0.3872752420470263,0.3524517103197159,0.42329034957338874,True
1,13,away,730,291,768,0.39863013698630134,0.3637317484794947,0.4345898511681678,True
1,14,away,718,307,761,0.4275766016713092,0.3918688225370035,0.4640552472312115,True
1,15,away,715,324,762,0.45314685314685316,0.4170053551477532,0.4897891319826521,True
1,16,away,780,301,827,0.3858974358974359,0.352372163125283,0.4205411397665259,True
1,17,away,771,315,829,0.4085603112840467,0.3743981961288343,0.4436291271331072,True
1,18,away,801,335,844,0.418227215980025,0.3845365375140761,0.4526985159424052,True
1,19,away,688,291,702,0.42296511627906974,0.3865769743119498,0.4602087639263983,True
1,20,away,904,365,968,0.40376106194690264,0.3722486068921028,0.43608800160876326,True
1,21,away,888,359,927,0.40427927927927926,0.37248017439971987,0.436903016516694,True
1,22,away,864,344,912,0.39814814814814814,0.3660269940461669,0.43117101996929397,True
1,23,away,845,350,881,0.41420118343195267,0.3814494855003339,0.44772948028079645,True
1,24,away,881,341,914,0.3870601589103292,0.35545292544144047,0.41964806438543933,True
1,25,away,932,349,969,0.37446351931330474,0.3439656883097443,0.40599199683697296,True
1,26,away,979,394,1027,0.4024514811031665,0.3721714180198791,0.43349411343503697,True
1,27,away,1012,399,1051,0.3942687747035573,0.36461355184188515,0.4247236834121151,True
1,28,away,1013,403,1041,0.39782823297137215,0.36812763185269276,0.4283008384223234,True
1,29,away,979,395,1010,0.4034729315628192,0.3731762923488998,0.434524155007012,True
1,30,away,1220,493,1279,0.40409836065573773,0.3769046076117907,0.4318941781134209,True
1,31,away,1175,479,1230,0.4076595744680851,0.3799069417992504,0.43601404368344715,True
1,32,away,1301,508,1368,0.39046887009992315,0.36431850105575414,0.4172641830033683,True
1,33,away,1357,536,1417,0.3949889462048637,0.36931043970598004,0.42126033649604083,True
1,34,away,1476,581,1538,0.39363143631436315,0.36901392436334834,0.41880120395849363,True
1,35,away,1671,660,1743,0.39497307001795334,0.37180063586511075,0.41862730669375564,True
1,36,away,1843,729,1923,0.3955507325013565,0.3734660443510485,0.41806994877364595,True
1,37,away,1977,792,2060,0.4006069802731411,0.37921913570206184,0.42238034605357183,True
1,38,away,2040,814,2121,0.3990196078431373,0.3779780862990191,0.4204407344158544,True
1,39,away,1145,427,1162,0.37292576419213974,0.34538362728289884,0.40131774564788636,True
2,0.0-0.5,away,860,80,1015,0.09302325581395349,0.07537861252893027,0.11428764109904968,True
2,0.5-1.0,away,395,63,411,0.15949367088607594,0.12669064862625498,0.19885613485871748,True
2,1.0-1.5,away,362,84,368,0.23204419889502761,0.19150885604301976,0.2782069991248999,True
2,1.5-2.0,away,366,94,372,0.2568306010928962,0.21475866909563018,0.3039542069031757,True
2,2,away,669,200,725,0.29895366218236175,0.26549055662521237,0.33471252237584825,True
2,3,away,602,164,636,0.2724252491694352,0.23838706941046567,0.30934950067650097,True
2,4,away,629,199,673,0.3163751987281399,0.28123853247175973,0.3537412160150653,True
2,5,away,618,211,658,0.3414239482200647,0.3051201441067999,0.3796870479498268,True
2,6,away,594,210,625,0.35353535353535354,0.31614262606981336,0.39281038088052267,True
2,7,away,663,238,697,0.358974358974359,0.32336827670325685,0.39620530718833,True
2,8,away,665,215,701,0.3233082706766917,0.28886007040948314,0.3597861860434648,True
2,9,away,576,198,602,0.34375,0.3061117354347495,0.3834586575829298,True
2,10,away,765,253,820,0.330718954248366,0.29829792120901666,0.36483164930329703,True
2,11,away,756,252,814,0.3333333333333333,0.3006465892439479,0.3677053409478183,True
2,12,away,762,263,818,0.3451443569553806,0.31224089082768897,0.3796013909183013,True
2,13,away,723,268,778,0.3706777316735823,0.3362413447956597,0.4064811410939757,True
2,14,away,739,275,782,0.3721244925575101,0.338018781985693,0.4075528176662382,True
2,15,away,746,272,793,0.3646112600536193,0.33084656524948675,0.3997632062009103,True
2,16,away,807,273,851,0.3382899628252788,0.3064809462372612,0.371631276914585,True
2,17,away,765,311,820,0.4065359477124183,0.37227944233210203,0.44172645953376993,True
2,18,away,777,303,816,0.38996138996138996,0.3562876110329799,0.4247179091647144,True
2,19,away,687,259,706,0.37700145560407566,0.341539471804359,0.4138313686314224,True
2,20,away,914,342,972,0.3741794310722101,0.3433949362823022,0.4060171627116854,True
2,21,away,930,346,985,0.3720430107526882,0.341563549336349,0.40357524079679574,True
2,22,away,874,308,919,0.3524027459954233,0.32143965426660476,0.3846576644296155,True
2,23,away,854,312,905,0.36533957845433257,0.33371355783949247,0.398171675984561,True
2,24,away,961,344,1013,0.35796045785639957,0.3282706379525621,0.38878136312201833,True
2,25,away,983,344,1040,0.34994913530010174,0.32076919975015944,0.3802973138625622,True
2,26,away,1015,363,1065,0.35763546798029555,0.3287357712982929,0.3876087517364948,True
2,27,away,984,342,1024,0.3475609756097561,0.31845188129403984,0.3778557048614734,True
2,28,away,1021,368,1062,0.3604309500489716,0.33155385822728495,0.39035438593454447,True
2,29,away,963,360,991,0.37383177570093457,0.34383162169049036,0.40483455072079194,True
2,30,away,1164,420,1235,0.36082474226804123,0.333735055916894,0.38883005907815316,True
2,31,away,1200,429,1258,0.3575,0.33087731691761313,0.3850321515705998,True
2,32,away,1280,477,1354,0.37265625,0.3465856687077437,0.39948892491813653,True
2,33,away,1408,498,1475,0.3536931818181818,0.32914814086844546,0.37903442012139943,True
2,34,away,1420,508,1473,0.35774647887323946,0.3332292308407305,0.3830313419645592,True
2,35,away,1666,593,1734,0.3559423769507803,0.3333061796576636,0.37924140569414455,True
2,36,away,1843,645,1928,0.34997287032013025,0.3285294508021387,0.37204043023151356,True
2,37,away,2290,828,2405,0.3615720524017467,0.34214051543849144,0.3814672524213294,True
2,38,away,2624,929,2753,0.3540396341463415,0.3359671708000978,0.37253885178512963,True
2,39,away,4214,1495,4342,0.35476981490270526,0.3404623350314209,0.369341845381613,True
3,0.0-0.5,away,989,42,1256,0.042467138523761376,0.03156963743168294,0.056905301571678724,True
3,0.5-1.0,away,463,37,493,0.07991360691144708,0.058530961833796066,0.10820996271106025,True
3,1.0-1.5,away,368,47,373,0.12771739130434784,0.09742037729166916,0.16570671768640757,True
3,1.5-2.0,away,364,56,372,0.15384615384615385,0.12041271662449929,0.19450979349942363,True
3,2,away,627,111,677,0.17703349282296652,0.14914920977229526,0.20885127719622423,True
3,3,away,587,143,623,0.24361158432708688,0.21062526462581194,0.27993193378404946,True
3,4,away,613,162,654,0.2642740619902121,0.23091315399403106,0.3005711038770335,True
3,5,away,588,150,619,0.25510204081632654,0.22153536129707618,0.29184794937253544,True
3,6,away,612,166,642,0.27124183006535946,0.2375249192523808,0.3078127130218922,True
3,7,away,619,174,655,0.28109854604200324,0.24711829610775865,0.317779103166792,True
3,8,away,663,201,689,0.3031674208144796,0.26939700464703537,0.339205698003789,True
3,9,away,569,199,593,0.34973637961335674,0.31167812346955726,0.38981003660820246,True
3,10,away,740,217,795,0.29324324324324325,0.2615772769637627,0.32704481677232317,True
3,11,away,755,227,822,0.30066225165562915,0.26902981594073566,0.3343129633692021,True
3,12,away,739,217,795,0.2936400541271989,0.26193855321290055,0.32747593299788796,True
3,13,away,734,218,762,0.2970027247956403,0.26507174590277177,0.3310475295623145,True
3,14,away,729,242,763,0.3319615912208505,0.2987356928654074,0.36694922458469376,True
3,15,away,746,232,792,0.3109919571045576,0.2788133472664754,0.34510722475833616,True
3,16,away,802,241,841,0.300498753117207,0.269780202068739,0.33311942485546053,True
3,17,away,822,255,870,0.3102189781021898,0.2795395769069998,0.34266400305312805,True
3,18,away,783,253,826,0.3231162196679438,0.291290908587829,0.3566687315735453,True
3,19,away,655,218,680,0.332824427480916,0.2978033434749262,0.3697950595403052,True
3,20,away,858,288,920,0.3356643356643357,0.30486090058678483,0.3679328007151714,True
3,21,away,886,284,933,0.32054176072234764,0.2906431078379549,0.351989918084861,True
3,22,away,893,301,944,0.3370660694288914,0.3068182212250064,0.36870976498794356,True
3,23,away,876,287,919,0.3276255707762557,0.29735574407687376,0.35940065389294257,True
3,24,away,864,268,896,0.3101851851851852,0.2802379224379894,0.3418129218635514,True
3,25,away,918,280,962,0.30501089324618735,0.27609060279116543,0.3355563439293991,True
3,26,away,915,307,951,0.3355191256830601,0.3056684422689434,0.366745170697644,True
3,27,away,935,314,975,0.3358288770053476,0.3062826028362833,0.36671867874305875,True
3,28,away,970,307,1014,0.31649484536082473,0.2879974415669597,0.34644002752452285,True
3,29,away,904,303,927,0.33517699115044247,0.30515926631344836,0.3665896379006788,True
3,30,away,1142,377,1205,0.330122591943958,0.3034573393207422,0.3579269218197157,True
3,31,away,1137,352,1190,0.3095866314863676,0.2833921076610093,0.3370635278978623,True
3,32,away,1186,385,1243,0.3246205733558179,0.29857516700628606,0.35179846255919567,True
3,33,away,1288,421,1342,0.3268633540372671,0.30179388240902993,0.35296255212597805,True
3,34,away,1368,457,1428,0.3340643274853801,0.30956521059116976,0.35949279144055174,True
3,35,away,1491,474,1559,0.317907444668008,0.2947643278439803,0.3419864824090927,True
3,36,away,1638,504,1702,0.3076923076923077,0.28581238407515636,0.33047215884299114,True
3,37,away,1637,517,1718,0.3158216249236408,0.29375668317928944,0.3387489773305366,True
3,38,away,1454,442,1503,0.30398899587345257,0.28088758348974624,0.32812343663754323,True
3,39,away,1479,471,1515,0.3184584178498986,0.29521136165091477,0.34264611415769486,True
4,0.0-0.5,away,1014,11,1380,0.010848126232741617,0.006068009089237493,0.019320617196031252,True
4,0.5-1.0,away,525,14,599,0.02666666666666667,0.0159498957010727,0.044260193671624155,True
4,1.0-1.5,away,372,24,386,0.06451612903225806,0.043734252688912276,0.09420045171847637,True
4,1.5-2.0,away,354,28,359,0.07909604519774012,0.05528818879636273,0.11194111042429804,True
4,2,away,642,81,668,0.1261682242990654,0.10268712111140377,0.15409658560553735,True
4,3,away,600,108,648,0.18,0.15132481221976815,0.21274682511028667,True
4,4,away,558,114,596,0.20430107526881722,0.17292218941166587,0.23972365240567195,True
4,5,away,579,120,615,0.20725388601036268,0.17621907441232904,0.24214776831132,True
4,6,away,659,149,685,0.22610015174506828,0.19580283806832213,0.25957232245268325,True
4,7,away,651,145,681,0.2227342549923195,0.19245050320201576,0.2562711418492455,True
4,8,away,637,154,680,0.24175824175824176,0.21012080979180198,0.27649179463337886,True
4,9,away,593,139,615,0.23440134907251264,0.20208136331918466,0.270140412106657,True
4,10,away,706,196,769,0.2776203966005666,0.24585735571017034,0.31179043500820963,True
4,11,away,732,204,792,0.2786885245901639,0.2474278122163346,0.31226003364614446,True
4,12,away,739,192,805,0.2598105548037889,0.22949215292930725,0.29261323266029904,True
4,13,away,714,193,761,0.2703081232492997,0.23902474369906904,0.3040499401866238,True
4,14,away,690,187,721,0.2710144927536232,0.23918441740388766,0.3053802209804354,True
4,15,away,715,201,760,0.2811188811188811,0.24940436477754685,0.31517286614509304,True
4,16,away,751,186,789,0.24766977363515313,0.2181329885843759,0.2797749168622768,True
4,17,away,824,216,869,0.2621359223300971,0.23325994923238824,0.29321951253904244,True
4,18,away,787,229,833,0.2909783989834816,0.26032034412131194,0.3236671446501436,True
4,19,away,645,179,664,0.2775193798449612,0.24435690883734273,0.3133163352949693,True
4,20,away,833,234,887,0.2809123649459784,0.2514498567838233,0.31238635785942576,True
4,21,away,879,265,937,0.3014789533560865,0.2720590463148715,0.33262655073900554,True
4,22,away,888,279,940,0.3141891891891892,0.28451343801239953,0.3454656972959333,True
4,23,away,874,246,910,0.2814645308924485,0.25265572337879744,0.31218604306289316,True
4,24,away,909,261,948,0.2871287128712871,0.2586612877433839,0.3173878318409995,True
4,25,away,968,275,1016,0.2840909090909091,0.2565774313181145,0.31331132421570906,True
4,26,away,918,263,958,0.28649237472766886,0.25818195111057485,0.31658230339909355,True
4,27,away,935,291,977,0.31122994652406416,0.28237552237529423,0.3416292085612131,True
4,28,away,954,279,1009,0.29245283018867924,0.2644650980101304,0.32210537460246025,True
4,29,away,863,242,885,0.28041714947856317,0.25147047724951443,0.3113100815053954,True
4,30,away,1102,338,1179,0.30671506352087113,0.2801992529854836,0.33457378503370466,True
4,31,away,1128,333,1186,0.29521276595744683,0.26932457152004874,0.3224911030407732,True
4,32,away,1238,351,1292,0.2835218093699515,0.25911465001255474,0.30926830639670067,True
4,33,away,1160,318,1209,0.27413793103448275,0.24924425755829926,0.3005226523029739,True
4,34,away,1324,375,1381,0.28323262839879154,0.2596166115202382,0.3081029116518027,True
4,35,away,1354,366,1412,0.27031019202363366,0.24732826617760162,0.29459179283369985,True
4,36,away,1452,378,1518,0.2603305785123967,0.2384127593193648,0.28351325241158176,True
4,37,away,1530,430,1601,0.28104575163398693,0.2590914709961465,0.30409680085669666,True
4,38,away,1424,412,1475,0.2893258426966292,0.2663654191691705,0.3134199015554812,True
4,39,away,430,118,431,0.2744186046511628,0.23437914535381466,0.31845304040246136,True
5,0.0-0.5,away,1027,2,1410,0.0019474196689386564,0.0005342040820723671,0.007072784227285734,True
5,0.5-1.0,away,630,8,744,0.012698412698412698,0.006448146507431671,0.024855573538712348,True
5,1.0-1.5,away,402,14,415,0.03482587064676617,0.02085625552077383,0.057601940977564436,True
5,1.5-2.0,away,328,21,333,0.06402439024390244,0.04225351639675507,0.09588950123575393,True
5,2,away,640,51,685,0.0796875,0.06112713552400267,0.10326360903180112,True
5,3,away,572,71,617,0.12412587412587413,0.09958569495605012,0.15368117565559034,True
5,4,away,596,86,636,0.14429530201342283,0.11836055891202163,0.17478616515646578,True
5,5,away,631,108,667,0.17115689381933438,0.14378005000857322,0.20251357662206973,True
5,6,away,622,102,663,0.1639871382636656,0.13696728811196227,0.19513208016269376,True
5,7,away,634,112,670,0.17665615141955837,0.14894211694041146,0.2082650642782485,True
5,8,away,611,124,646,0.20294599018003273,0.1729565643729728,0.23664747022715832,True
5,9,away,549,99,568,0.18032786885245902,0.15042385971901284,0.21467456992159306,True
5,10,away,717,163,776,0.22733612273361228,0.19815867779579133,0.25941979714239205,True
5,11,away,683,159,742,0.232796486090776,0.2026495511232692,0.26593243342746276,True
5,12,away,751,174,804,0.23169107856191745,0.2029267104225691,0.2631864449732119,True
5,13,away,705,171,746,0.2425531914893617,0.21236312385461725,0.2755337490151465,True
5,14,away,678,149,724,0.21976401179941002,0.19022106795194213,0.25246474059948687,True
5,15,away,721,180,767,0.24965325936199723,0.21944318807239963,0.2825169643250344,True
5,16,away,771,177,804,0.22957198443579765,0.20126990613115206,0.2605555818137389,True
5,17,away,759,174,803,0.22924901185770752,0.20075159004522694,0.26047338772211026,True
5,18,away,778,194,819,0.2493573264781491,0.22023722492101078,0.280940507243663,True
5,19,away,641,161,667,0.25117004680187205,0.21914582216338147,0.28615904650514107,True
5,20,away,865,196,912,0.22658959537572254,0.1999359952465641,0.25566097432763674,True
5,21,away,874,215,930,0.2459954233409611,0.21859492229930835,0.27561906801511743,True
5,22,away,832,211,884,0.2536057692307692,0.2252208497180268,0.2842555869656702,True
5,23,away,885,209,933,0.23615819209039549,0.2093532110145452,0.2652438375484383,True
5,24,away,876,220,925,0.2511415525114155,0.22355170611364172,0.28090455055801355,True
5,25,away,858,224,896,0.26107226107226106,0.23279389914827628,0.29148063111343303,True
5,26,away,920,227,964,0.2467391304347826,0.21997205076116694,0.27561247368544806,True
5,27,away,922,232,965,0.25162689804772237,0.22468568096425545,0.28062926707869285,True
5,28,away,874,213,907,0.2437070938215103,0.2164059694954899,0.27325139010104776,True
5,29,away,829,214,852,0.25814234016887816,0.22951591955825246,0.28899996629567215,True
5,30,away,1040,274,1099,0.26346153846153847,0.23759427640273084,0.29106984275097986,True
5,31,away,1077,268,1134,0.2488393686165274,0.22394146855102967,0.2755226527411189,True
5,32,away,1078,268,1133,0.24860853432282004,0.2237305283058479,0.2752719134564211,True
5,33,away,1054,281,1097,0.2666034155597723,0.24079054607917114,0.29411146571541136,True
5,34,away,1094,271,1133,0.2477148080438757,0.2230463214449036,0.27414890234694395,True
5,35,away,1143,282,1192,0.24671916010498687,0.22260237263992894,0.27253278813554344,True
5,36,away,1168,281,1221,0.2405821917808219,0.21694449063564403,0.2659207703347806,True
5,37,away,1025,249,1057,0.24292682926829268,0.21766388207294643,0.2701095516606818,True
5,38,away,804,181,831,0.22512437810945274,0.19760003240325363,0.25526300411281583,True
5,39,away,200,47,200,0.235,0.18157345326946356,0.29841492986724655,True
6,0.0-0.5,away,940,0,1232,0.0,0.0,0.004070174486905429,True
6,0.5-1.0,away,709,5,857,0.007052186177715092,0.0030158799988080198,0.01640161752097758,True
6,1.0-1.5,away,403,8,426,0.019851116625310174,0.01009231796421362,0.03867752268138407,True
6,1.5-2.0,away,345,6,353,0.017391304347826087,0.00799423984751081,0.03741777523325937,True
6,2,away,619,30,668,0.048465266558966075,0.034156538090132804,0.0683440013728703,True
6,3,away,611,50,650,0.08183306055646482,0.06262180766214001,0.10626982231214932,True
6,4,away,601,62,650,0.10316139767054909,0.08131017527905118,0.13005359335061978,True
6,5,away,628,75,656,0.11942675159235669,0.09634867705176832,0.14713260053425953,True
6,6,away,626,90,661,0.14376996805111822,0.11845550884356322,0.1734299429906757,True
6,7,away,595,84,638,0.1411764705882353,0.11549449112280692,0.1714621932491539,True
6,8,away,610,99,645,0.16229508196721312,0.13516276526351936,0.19365431067268304,True
6,9,away,533,92,559,0.1726078799249531,0.14289668420759127,0.20700466471916856,True
6,10,away,720,130,773,0.18055555555555555,0.15417766115693984,0.21032418565595398,True
6,11,away,663,125,715,0.1885369532428356,0.16058932922157476,0.22007318493471056,True
6,12,away,728,140,777,0.19230769230769232,0.16532307153961046,0.2225226043552826,True
6,13,away,711,140,760,0.19690576652601968,0.16933745907516104,0.22773176577129442,True
6,14,away,718,138,756,0.19220055710306408,0.16504688555065566,0.22263041096425845,True
6,15,away,724,142,759,0.19613259668508287,0.16884460957446787,0.22662825155355784,True
6,16,away,753,143,796,0.1899070385126162,0.16349253468493744,0.2194695012285219,True
6,17,away,739,139,778,0.1880920162381597,0.16155618884352124,0.21785390342917865,True
6,18,away,731,156,769,0.213406292749658,0.18524306698466636,0.2445660238452485,True
6,19,away,604,114,625,0.18874172185430463,0.15953859399490902,0.2218791964294384,True
6,20,away,850,178,914,0.20941176470588235,0.1833953928100751,0.23804296296926375,True
6,21,away,852,188,892,0.22065727699530516,0.19409964677929598,0.2497226680041873,True
6,22,away,799,160,846,0.2002503128911139,0.17396501736666242,0.22940421511954656,True
6,23,away,785,165,827,0.21019108280254778,0.18313398980924242,0.24007087159766108,True
6,24,away,870,202,908,0.23218390804597702,0.20534128762227402,0.26138128543902234,True
6,25,away,873,196,914,0.22451317296678122,0.1980750452889579,0.25336521484468544,True
6,26,away,886,223,921,0.2516930022573363,0.2242297244787278,0.2813002484962376,True
6,27,away,812,208,851,0.2561576354679803,0.2273303534886535,0.2872813064217997,True
6,28,away,844,186,884,0.22037914691943128,0.19371598777337365,0.24957624983327362,True
6,29,away,752,177,771,0.23537234042553193,0.2064431416526133,0.2669915039133359,True
6,30,away,994,228,1056,0.22937625754527163,0.20431054407722102,0.25652572492579506,True
6,31,away,998,226,1059,0.22645290581162325,0.20156336805609656,0.253440297193979,True
6,32,away,934,193,977,0.20663811563169165,0.18189807589414456,0.23378150155262264,True
6,33,away,975,240,1024,0.24615384615384617,0.22014534348676565,0.27415485789413196,True
6,34,away,911,210,951,0.2305159165751921,0.20433220641762387,0.25896286018188364,True
6,35,away,1005,210,1052,0.208955223880597,0.1849507066737986,0.23517629839815718,True
6,36,away,912,211,958,0.23135964912280702,0.20515139462814214,0.2598215875993522,True
6,37,away,747,166,778,0.2222222222222222,0.19387207103674015,0.253414813440625,True
6,38,away,434,93,442,0.21428571428571427,0.1782759264310758,0.2553091874548591,True
6,39,away,45,10,45,0.2222222222222222,0.12544551866005632,0.3626957379736329,True
7,0.0-0.5,away,894,0,1128,0.0,0.0,0.004278705731612346,True
7,0.5-1.0,away,752,2,906,0.0026595744680851063,0.0007296392177061828,0.009645021293173343,True
7,1.0-1.5,away,423,5,460,0.01182033096926714,0.005059143112561308,0.027368811426077846,True
7,1.5-2.0,away,338,6,352,0.01775147928994083,0.008160306722298758,0.03818162474537516,True
7,2,away,608,14,659,0.023026315789473683,0.01376484143412909,0.038277386488915044,True
7,3,away,579,32,634,0.055267702936096716,0.03941768860641272,0.0769803173011958,True
7,4,away,589,43,625,0.0730050933786078,0.0546487876402895,0.0968952335620013,True
7,5,away,639,55,675,0.08607198748043818,0.06672337449526393,0.11036784051011218,True
7,6,away,591,64,625,0.10829103214890017,0.0857203899056527,0.13592113617456764,True
7,7,away,606,71,638,0.11716171617161716,0.09393377978014841,0.14521291011440784,True
7,8,away,629,74,668,0.11764705882352941,0.09475832797980306,0.14517785826332633,True
7,9,away,525,77,553,0.14666666666666667,0.11897214402930788,0.179494542403832,True
7,10,away,684,110,736,0.1608187134502924,0.13519361433912222,0.19023247213194902,True
7,11,away,744,130,782,0.17473118279569894,0.14913420080446615,0.2036699224216288,True
7,12,away,701,110,755,0.15691868758915833,0.1318712024857497,0.18570596662572156,True
7,13,away,670,98,719,0.14626865671641792,0.12152749805589769,0.1750430906403182,True
7,14,away,654,100,698,0.1529051987767584,0.12735501536916,0.18250924374732036,True
7,15,away,684,118,716,0.17251461988304093,0.146048335708509,0.20263892019459423,True
7,16,away,696,120,735,0.1724137931034483,0.1461677684518932,0.20225621777584749,True
7,17,away,716,125,761,0.17458100558659218,0.14853185506991318,0.20410350248652703,True
7,18,away,751,125,801,0.16644474034620507,0.1415157517076901,0.19476884098036523,True
7,19,away,620,127,653,0.20483870967741935,0.1749338648573732,0.23837874526673522,True
7,20,away,770,143,822,0.18571428571428572,0.15983071266008778,0.21471829065015038,True
7,21,away,802,146,858,0.18204488778054864,0.15687443088612021,0.2102468495243228,True
7,22,away,757,142,798,0.18758256274768825,0.16137593285261242,0.21694407488618633,True
7,23,away,778,140,816,0.17994858611825193,0.1545480708466418,0.20849426407132626,True
7,24,away,764,143,802,0.18717277486910994,0.16110422569977528,0.2163715453446693,True
7,25,away,786,160,828,0.2035623409669211,0.1768862746815575,0.23312201052398246,True
7,26,away,744,144,780,0.1935483870967742,0.16676266390258895,0.22348254310381452,True
7,27,away,786,165,822,0.2099236641221374,0.1828973503437878,0.23977170127365044,True
7,28,away,778,163,827,0.2095115681233933,0.18237670804612527,0.23950107384729147,True
7,29,away,686,131,708,0.19096209912536444,0.16330078369493847,0.22206536412798203,True
7,30,away,886,156,938,0.17607223476297967,0.15240574325786943,0.2025356305776536,True
7,31,away,931,184,977,0.19763694951664876,0.17332184645064536,0.22443708939474277,True
7,32,away,859,162,899,0.18859138533178113,0.16383921330190182,0.21611650510574099,True
7,33,away,843,148,883,0.17556346381969157,0.15136878048487978,0.20270168558575252,True
7,34,away,821,161,861,0.1961023142509135,0.17038428164978717,0.2246510802912207,True
7,35,away,756,130,797,0.17195767195767195,0.14673430023768733,0.20049807029848757,True
7,36,away,662,126,693,0.1903323262839879,0.16224736654018174,0.22199056632553288,True
7,37,away,467,86,480,0.1841541755888651,0.15162473068591076,0.22183759719675722,True
7,38,away,206,49,209,0.23786407766990292,0.18485442327234958,0.3004716512524348,True
7,39,away,5,1,5,0.2,0.03622316096978745,0.6244717358814613,False
8,0.0-0.5,away,880,0,1093,0.0,0.0,0.0043464801837795365,True
8,0.5-1.0,away,755,2,908,0.0026490066225165563,0.0007267387878649896,0.009606906600052593,True
8,1.0-1.5,away,492,5,532,0.01016260162601626,0.004348384943432513,0.023566981576843313,True
8,1.5-2.0,away,349,0,367,0.0,0.0,0.010887605089649293,True
8,2,away,644,15,716,0.023291925465838508,0.0141650153191825,0.03807244519585698,True
8,3,away,612,19,664,0.03104575163398693,0.01996366409893687,0.04797848206332302,True
8,4,away,615,24,661,0.03902439024390244,0.026362218490939775,0.0574097839083818,True
8,5,away,604,35,640,0.057947019867549666,0.04195751967045237,0.07952412949604101,True
8,6,away,572,35,615,0.06118881118881119,0.04432231088723232,0.08391017526868277,True
8,7,away,582,49,611,0.08419243986254296,0.06426873798859983,0.10956937797994867,True
8,8,away,597,64,629,0.10720268006700168,0.08484947730759129,0.13457873804900186,True
8,9,away,541,56,564,0.10351201478743069,0.08057598836342976,0.13203920107878608,True
8,10,away,674,65,732,0.09643916913946587,0.07638619600008159,0.1210664241990918,True
8,11,away,642,63,684,0.09813084112149532,0.07745313848689198,0.1235893462338197,True
8,12,away,666,103,716,0.15465465465465467,0.12918148867086457,0.18408899199202647,True
8,13,away,668,82,712,0.12275449101796407,0.10000371259503968,0.1498194600099315,True
8,14,away,643,93,676,0.14463452566096424,0.11955678672117925,0.17393330420680064,True
8,15,away,710,85,745,0.11971830985915492,0.09786229338891274,0.14566736361062327,True
8,16,away,705,96,750,0.13617021276595745,0.11281656817803903,0.16346744224121396,True
8,17,away,692,99,726,0.1430635838150289,0.11894368135578949,0.17112463304219994,True
8,18,away,646,89,674,0.13777089783281735,0.11332608474382627,0.16649841402633558,True
8,19,away,604,93,622,0.15397350993377484,0.12738420821695223,0.18493663326543403,True
8,20,away,758,128,800,0.16886543535620052,0.1438798882167003,0.19719048651736512,True
8,21,away,777,113,833,0.14543114543114544,0.12238679761823608,0.1719643230187791,True
8,22,away,730,111,773,0.15205479452054796,0.12783250249100692,0.17992001521853696,True
8,23,away,699,105,732,0.15021459227467812,0.12564311863343164,0.1786097884227244,True
8,24,away,725,137,757,0.1889655172413793,0.1621359593188668,0.21907389478386283,True
8,25,away,742,122,784,0.16442048517520216,0.13949144799149812,0.19280645547754946,True
8,26,away,696,121,724,0.17385057471264367,0.14750539171336952,0.20377638404846,True
8,27,away,683,125,719,0.18301610541727673,0.15581601659044886,0.2137620637122003,True
8,28,away,724,141,757,0.19475138121546962,0.1675472279110487,0.22517778258574078,True
8,29,away,609,96,626,0.15763546798029557,0.130850997671272,0.18871216514274064,True
8,30,away,835,136,887,0.162874251497006,0.1393821641723217,0.18945417393966513,True
8,31,away,762,138,796,0.18110236220472442,0.15538022328782358,0.21002379759586826,True
8,32,away,731,125,771,0.17099863201094392,0.14544148144618724,0.1999956848764597,True
8,33,away,682,123,715,0.18035190615835778,0.1533115075278431,0.2109731902799307,True
8,34,away,651,110,679,0.16897081413210446,0.1421458358093204,0.1996797293349833,True
8,35,away,581,84,600,0.14457831325301204,0.11831526914809863,0.17551061464676132,True
8,36,away,455,89,478,0.1956043956043956,0.16176838040808622,0.23453744713675712,True
8,37,away,275,44,281,0.16,0.1213994244644564,0.20796893377190434,True
8,38,away,81,9,83,0.1111111111111111,0.05956689007505134,0.19787285646438213,True
8,39,away,2,1,3,0.5,0.09452865480086614,0.9054713451991339,False
9,0.0-0.5,away,801,0,987,0.0,0.0,0.004773113119401382,True
9,0.5-1.0,away,719,0,905,0.0,0.0,0.0053145806771497375,True
9,1.0-1.5,away,502,3,559,0.00597609561752988,0.002034413440030162,0.01742147947190116,True
9,1.5-2.0,away,374,0,395,0.0,0.0,0.010167223513768732,True
9,2,away,593,8,656,0.013490725126475547,0.006851383824305564,0.026392947670013864,True
9,3,away,571,9,630,0.01576182136602452,0.00831398970743736,0.029681868629885477,True
9,4,away,580,15,619,0.02586206896551724,0.015734155165271026,0.042229511692315,True
9,5,away,564,18,601,0.031914893617021274,0.02028127440812215,0.04988195421056306,True
9,6,away,584,22,622,0.03767123287671233,0.025006946069587928,0.056378243410026986,True
9,7,away,566,34,598,0.06007067137809187,0.04330230589859435,0.08277062384188089,True
9,8,away,566,43,602,0.07597173144876325,0.056888890975496126,0.10077176419604628,True
9,9,away,554,44,585,0.07942238267148015,0.05969362038397327,0.10494379640244064,True
9,10,away,673,73,736,0.10846953937592868,0.0871586559968456,0.13422489962384912,True
9,11,away,641,53,689,0.08268330733229329,0.0637677400556876,0.10657114626926413,True
9,12,away,662,71,723,0.10725075528700906,0.08590409707461749,0.1331293787550693,True
9,13,away,651,62,702,0.09523809523809523,0.07500425173287201,0.12022097525331824,True
9,14,away,620,63,656,0.10161290322580645,0.08022993097941564,0.1279023897891897,True
9,15,away,633,65,675,0.10268562401263823,0.08138496318644803,0.12877969942353223,True
9,16,away,648,66,693,0.10185185185185185,0.08086105808834188,0.12753558305883253,True
9,17,away,705,78,748,0.11063829787234042,0.0895596190034158,0.13593730442771462,True
9,18,away,638,79,670,0.1238244514106583,0.10049425864323824,0.15165767417009135,True
9,19,away,573,72,595,0.1256544502617801,0.10098340142665303,0.15531156759083806,True
9,20,away,715,86,761,0.12027972027972028,0.09844278701404316,0.14617522062491373,True
9,21,away,711,89,746,0.12517580872011252,0.10284771349746193,0.1515325576003589,True
9,22,away,669,91,712,0.13602391629297458,0.11211533534379493,0.16408875191834818,True
9,23,away,691,92,723,0.13314037626628075,0.10982682104988627,0.16051047596859963,True
9,24,away,664,110,691,0.16566265060240964,0.1393233636279169,0.19584832977962166,True
9,25,away,661,103,691,0.15582450832072617,0.13017194631514448,0.1854545126789979,True
9,26,away,637,90,666,0.141287284144427,0.11638357203650151,0.17049168699786826,True
9,27,away,677,83,715,0.12259970457902511,0.10000093488529024,0.14945738258532257,True
9,28,away,649,98,681,0.1510015408320493,0.12551247176099514,0.1805979231648184,True
9,29,away,601,92,631,0.15307820299500832,0.12650168800908898,0.18406160657911394,True
9,30,away,738,97,783,0.13143631436314362,0.10895596862834779,0.1577338476343153,True
9,31,away,649,87,685,0.13405238828967642,0.10998145236434283,0.16243010964396054,True
9,32,away,649,89,674,0.13713405238828968,0.11279566727070205,0.1657429552680578,True
9,33,away,599,85,620,0.1419031719532554,0.11623583165648861,0.17213444670519043,True
9,34,away,510,69,530,0.13529411764705881,0.10832097557091652,0.16772051270095556,True
9,35,away,407,56,420,0.1375921375921376,0.1074991256287674,0.17446258418834942,True
9,36,away,280,51,292,0.18214285714285713,0.14133751482027698,0.23155215321992575,True
9,37,away,162,23,171,0.1419753086419753,0.09650426940997232,0.20403311083720327,True
9,38,away,17,3,17,0.17647058823529413,0.0619101371254899,0.41029929017375777,False
9,39,away,1,0,1,0.0,0.0,0.7934567085261071,False
10,0.0-0.5,away,680,0,803,0.0,0.0,0.005617675204316321,True
10,0.5-1.0,away,718,0,884,0.0,0.0,0.005321943207484856,True
10,1.0-1.5,away,469,1,518,0.0021321961620469083,0.000376474500834916,0.011977768442256388,True
10,1.5-2.0,away,413,0,432,0.0,0.0,0.009215970766833252,True
10,2,away,627,1,692,0.001594896331738437,0.00028158662166731085,0.008978424132220827,True
10,3,away,607,5,658,0.008237232289950576,0.0035233861526746107,0.01913649817740376,True
10,4,away,582,11,624,0.018900343642611683,0.010585702469322647,0.033524514353791314,True
10,5,away,585,7,612,0.011965811965811967,0.005807998597572146,0.024491491112394,True
10,6,away,578,7,619,0.012110726643598616,0.0058784820690604735,0.02478553370430465,True
10,7,away,561,17,589,0.030303030303030304,0.01900420957160775,0.04799085594764579,True
10,8,away,556,32,586,0.05755395683453238,0.04106003148097648,0.08011995943073856,True
10,9,away,522,24,550,0.04597701149425287,0.0310881805290198,0.0674996831926789,True
10,10,away,669,44,719,0.06576980568011959,0.049355586731386986,0.08714251326718625,True
10,11,away,627,34,674,0.05422647527910686,0.03906141612200773,0.07482073749626983,True
10,12,away,619,52,660,0.0840064620355412,0.06463606542429401,0.10850843873213997,True
10,13,away,600,44,632,0.07333333333333333,0.05507880936246362,0.09701670707760943,True
10,14,away,612,49,644,0.08006535947712418,0.06109048098245183,0.10427931540674949,True
10,15,away,619,57,656,0.09208400646203554,0.07175284774698001,0.11744710293068827,True
10,16,away,667,57,713,0.08545727136431784,0.06654292745831311,0.10911940475245019,True
10,17,away,648,70,686,0.10802469135802469,0.08639313074730005,0.13427643069216624,True
10,18,away,594,50,628,0.08417508417508418,0.06443055429273989,0.10926361486511063,True
10,19,away,488,55,511,0.11270491803278689,0.0876188248861958,0.14384105975959263,True
10,20,away,651,74,695,0.11367127496159754,0.091520803122586,0.14035450840313263,True
10,21,away,648,67,688,0.10339506172839506,0.08224172736894919,0.12922314385129818,True
10,22,away,646,70,689,0.10835913312693499,0.08666345498347788,0.13468525522528685,True
10,23,away,574,63,612,0.10975609756097561,0.0867317013869165,0.1379693239459775,True
10,24,away,624,76,656,0.12179487179487179,0.09842202699055053,0.149795994879934,True
10,25,away,591,63,617,0.1065989847715736,0.08420964524177497,0.1340696412102822,True
10,26,away,557,69,581,0.12387791741472172,0.09906718484223778,0.15384130126150344,True
10,27,away,558,80,582,0.14336917562724014,0.11672686467084645,0.1748884233391549,True
10,28,away,551,75,572,0.13611615245009073,0.1099911518491692,0.16728005492407927,True
10,29,away,503,68,519,0.13518886679920478,0.10805770858191602,0.16785018848099284,True
10,30,away,580,65,600,0.11206896551724138,0.08890623657690315,0.14033676357930358,True
10,31,away,528,67,560,0.1268939393939394,0.10117179436581107,0.15800612627823032,True
10,32,away,502,64,520,0.12749003984063745,0.10111658126208603,0.1595215315384428,True
10,33,away,485,61,507,0.12577319587628866,0.09917202653044033,0.15825614652193493,True
10,34,away,386,51,410,0.13212435233160622,0.10193965909862554,0.16955932920842018,True
10,35,away,278,35,297,0.12589928057553956,0.09193431841509568,0.1700624911403425,True
10,36,away,199,16,211,0.08040201005025126,0.050093713503231656,0.12660376867005038,True
10,37,away,71,5,72,0.07042253521126761,0.03045315340626454,0.1544921176729214,True
10,38,away,10,2,10,0.2,0.05668094798069326,0.5098431532792767,False
11-15,0.0-0.5,away,1330,0,2227,0.0,0.0,0.002880102105077544,True
11-15,0.5-1.0,away,1503,0,3026,0.0,0.0,0.0025494385076706137,True
11-15,1.0-1.5,away,1240,0,2162,0.0,0.0,0.0030884961557806076,True
11-15,1.5-2.0,away,1159,0,1833,0.0,0.0,0.003303631380232699,True
11-15,2,away,1658,1,3114,0.0006031363088057901,0.00010647356468912114,0.003408662895969945,True
11-15,3,away,1646,3,2904,0.0018226002430133657,0.0006200266606824632,0.005345152057080502,True
11-15,4,away,1655,4,2798,0.002416918429003021,0.0009402662246080127,0.006198209203063923,True
11-15,5,away,1611,8,2662,0.004965859714463066,0.0025183713378906596,0.009768654213098367,True
11-15,6,away,1614,6,2634,0.0037174721189591076,0.0017048073321876832,0.00808700417766594,True
11-15,7,away,1623,14,2660,0.00862600123228589,0.005145208589100265,0.014427440647309721,True
11-15,8,away,1624,23,2623,0.01416256157635468,0.009455565870369793,0.021162646614186445,True
11-15,9,away,1546,33,2374,0.021345407503234153,0.0152388919732738,0.029824810020529953,True
11-15,10,away,1724,50,3033,0.029002320185614848,0.022067731944743367,0.03803129565130478,True
11-15,11,away,1745,61,3037,0.03495702005730659,0.02730977988172755,0.04464733733231858,True
11-15,12,away,1721,63,2929,0.03660662405578152,0.028716170353101898,0.046561234830075515,True
11-15,13,away,1716,81,2769,0.0472027972027972,0.03814034755641583,0.058288067711594886,True
11-15,14,away,1683,80,2710,0.047534165181224004,0.03835823729005598,0.058770977450676054,True
11-15,15,away,1755,103,2878,0.05868945868945869,0.04862641872695502,0.07068028859677442,True
11-15,16,away,1759,96,2881,0.054576463899943146,0.044898907533113666,0.06619536208248876,True
11-15,17,away,1710,108,2699,0.06315789473684211,0.05257910266574321,0.0756950622279086,True
11-15,18,away,1715,104,2683,0.060641399416909623,0.05029735435161137,0.07294937181559334,True
11-15,19,away,1556,108,2230,0.06940874035989718,0.05781216784333307,0.08312624539042096,True
11-15,20,away,1725,107,2817,0.06202898550724638,0.051590349833567126,0.07441402211120791,True
11-15,21,away,1631,110,2659,0.0674432863274065,0.05626033694525524,0.08065910528082952,True
11-15,22,away,1540,112,2485,0.07272727272727272,0.06079281876361024,0.08678812477360236,True
11-15,23,away,1569,111,2471,0.07074569789674952,0.05907925089735663,0.08450901635091554,True
11-15,24,away,1489,116,2322,0.07790463398253862,0.0653512745853393,0.0926303893768654,True
11-15,25,away,1488,112,2268,0.07526881720430108,0.06293010520400927,0.08979495622342376,True
11-15,26,away,1420,108,2143,0.07605633802816901,0.06338331246720495,0.09101700846737092,True
11-15,27,away,1384,118,2081,0.08526011560693642,0.07167043823297459,0.10114582552507961,True
11-15,28,away,1321,115,1967,0.08705526116578349,0.07302474176029848,0.10348058536711054,True
11-15,29,away,1140,103,1566,0.09035087719298246,0.07505573983131471,0.10839763343295543,True
11-15,30,away,1152,105,1733,0.09114583333333333,0.07585626187505712,0.10915317194355609,True
11-15,31,away,979,94,1483,0.09601634320735444,0.07910877235957425,0.11608198879664872,True
11-15,32,away,872,84,1290,0.0963302752293578,0.07848056616645707,0.11772112144463606,True
11-15,33,away,722,64,1043,0.0886426592797784,0.07002787864903948,0.1116117518157892,True
11-15,34,away,509,53,728,0.10412573673870335,0.08049109287785403,0.1336912199454427,True
11-15,35,away,351,45,474,0.1282051282051282,0.09721262924410451,0.16724790751370516,True
11-15,36,away,187,20,251,0.10695187165775401,0.07030760333182143,0.1594200870669176,True
11-15,37,away,51,3,58,0.058823529411764705,0.020206272864052077,0.15924873938941972,True
11-15,38,away,3,0,3,0.0,0.0,0.5615060804490177,False
16-20,0.0-0.5,away,776,0,1106,0.0,0.0,0.00492612858816457,True
16-20,0.5-1.0,away,875,0,1273,0.0,4.336808689942018e-19,0.0043712086455625215,True
16-20,1.0-1.5,away,879,0,1264,0.0,0.0,0.004351403468074,True
16-20,1.5-2.0,away,896,0,1301,0.0,0.0,0.004269195822909276,True
16-20,2,away,1309,0,2347,0.0,0.0,0.0029261717483662917,True
16-20,3,away,1254,0,2143,0.0,0.0,0.0030541206460336498,True
16-20,4,away,1261,0,2124,0.0,0.0,0.003037218257211021,True
16-20,5,away,1257,0,2097,0.0,0.0,0.0030468537840122024,True
16-20,6,away,1210,2,2043,0.001652892561983471,0.00045339035666946796,0.006006760621843708,True
16-20,7,away,1188,1,1990,0.0008417508417508417,0.00014860132673229654,0.004752721130882875,True
16-20,8,away,1201,0,2016,0.0,0.0,0.0031884689240477757,True
16-20,9,away,1097,0,1744,0.0,0.0,0.003489693703435626,True
16-20,10,away,1252,3,2219,0.0023961661341853034,0.0008152252659476924,0.00702143184112696,True
16-20,11,away,1237,6,2159,0.004850444624090542,0.0022248109697140988,0.010542007937711317,True
16-20,12,away,1226,8,2096,0.0065252854812398045,0.003310073111683633,0.012823386676959066,True
16-20,13,away,1151,6,1866,0.005212858384013901,0.002391191561126214,0.011326360698854723,True
16-20,14,away,1101,10,1814,0.009082652134423252,0.004940861119884957,0.016638340821823246,True
16-20,15,away,1132,16,1874,0.014134275618374558,0.008718580267133673,0.022836523895277704,True
16-20,16,away,1088,21,1769,0.019301470588235295,0.012658450032177547,0.029327127362931783,True
16-20,17,away,1103,20,1766,0.01813236627379873,0.011768070130772456,0.02784157229683417,True
16-20,18,away,1006,19,1600,0.018886679920477135,0.012123848253092772,0.02930997661607482,True
16-20,19,away,915,24,1294,0.02622950819672131,0.017688396621316122,0.03873220949838939,True
16-20,20,away,923,19,1531,0.020585048754062838,0.013217266064199571,0.03192701748975399,True
16-20,21,away,923,21,1524,0.02275189599133261,0.014928473208744675,0.03453154239694242,True
16-20,22,away,810,21,1314,0.025925925925925925,0.017018587214892154,0.03930883571359909,True
16-20,23,away,784,15,1209,0.01913265306122449,0.011628260087266707,0.03132656738058978,True
16-20,24,away,750,19,1181,0.025333333333333333,0.016277055094382615,0.03922744346340459,True
16-20,25,away,669,16,1061,0.02391629297458894,0.014773921631857881,0.03849507957139709,True
16-20,26,away,608,19,941,0.03125,0.0200955917198243,0.048290735721788054,True
16-20,27,away,530,23,787,0.04339622641509434,0.029088553324452166,0.0642754707605948,True
16-20,28,away,470,22,708,0.04680851063829787,0.03111186122078809,0.06985352468032319,True
16-20,29,away,338,14,474,0.04142011834319527,0.02483066963206296,0.06831656581265763,True
16-20,30,away,317,13,481,0.04100946372239748,0.024120074193333643,0.0688903085001824,True
16-20,31,away,236,14,339,0.059322033898305086,0.035661909350314006,0.09709904621369157,True
16-20,32,away,163,7,259,0.04294478527607362,0.020955453652434855,0.08598190489603266,True
16-20,33,away,104,9,150,0.08653846153846154,0.04619542485248201,0.15633866217886766,True
16-20,34,away,62,3,86,0.04838709677419355,0.016591385000846108,0.13288250384754152,True
16-20,35,away,25,2,39,0.08,0.02221993369109193,0.24966512122957818,False
16-20,36,away,2,0,3,0.0,0.0,0.6576280471103807,False
21-25,0.0-0.5,away,455,0,588,0.0,0.0,0.008372388205428627,True
21-25,0.5-1.0,away,579,0,826,0.0,0.0,0.006591156156321031,True
21-25,1.0-1.5,away,561,0,803,0.0,4.336808689942018e-19,0.006801198778560218,True
21-25,1.5-2.0,away,599,0,810,0.0,0.0,0.006372486570269868,True
21-25,2,away,915,0,1612,0.0,0.0,0.004180916493114808,True
21-25,3,away,873,0,1507,0.0,4.336808689942018e-19,0.0043811789951571645,True
21-25,4,away,866,0,1481,0.0,0.0,0.0044164362798927975,True
21-25,5,away,839,0,1388,0.0,0.0,0.004557914559509164,True
21-25,6,away,846,0,1391,0.0,0.0,0.0045203717963441655,True
21-25,7,away,813,0,1325,0.0,0.0,0.004702992599789237,True
21-25,8,away,799,0,1310,0.0,0.0,0.004785003666974905,True
21-25,9,away,720,0,1106,0.0,0.0,0.005307238489746928,True
21-25,10,away,762,0,1336,0.0,0.0,0.005016180891714421,True
21-25,11,away,774,0,1322,0.0,0.0,0.004938794736614755,True
21-25,12,away,700,0,1193,0.0,0.0,0.005458046242222682,True
21-25,13,away,687,0,1181,0.0,0.0,0.005560753724153265,True
21-25,14,away,666,0,1070,0.0,0.0,0.005735087220620516,True
21-25,15,away,627,0,1016,0.0,0.0,0.00608964278830058,True
21-25,16,away,626,1,1006,0.001597444089456869,0.0002820365293846241,0.008992676350806203,True
21-25,17,away,540,2,860,0.003703703703703704,0.0010162561558953549,0.01340264817212957,True
21-25,18,away,529,2,842,0.003780718336483932,0.0010374006386766653,0.013679168037642901,True
21-25,19,away,457,2,631,0.00437636761487965,0.0012009542687136448,0.015814870691533,True
21-25,20,away,427,4,698,0.00936768149882904,0.003648709121240868,0.023836102001919008,True
21-25,21,away,422,3,664,0.0071090047393364926,0.0024205450904501175,0.020690395691286563,True
21-25,22,away,376,3,600,0.007978723404255319,0.002717072968038267,0.023192674674136785,True
21-25,23,away,321,3,489,0.009345794392523364,0.003183347264280977,0.027113264992277293,True
21-25,24,away,276,2,418,0.007246376811594203,0.0019894307873807495,0.02603213569880286,True
21-25,25,away,225,3,324,0.013333333333333334,0.004544628249409197,0.03846153846153846,True
21-25,26,away,182,3,269,0.016483516483516484,0.005621348325738421,0.04733557843339409,True
21-25,27,away,137,2,213,0.014598540145985401,0.004012534577063031,0.05166419729761036,True
21-25,28,away,110,1,168,0.00909090909090909,0.0016065339495988408,0.049706869937908016,True
21-25,29,away,74,1,107,0.013513513513513514,0.0023894018749393217,0.07265530429759565,True
21-25,30,away,49,0,74,0.0,0.0,0.07270029673590504,True
21-25,31,away,34,0,68,0.0,0.0,0.10151790621961015,True
21-25,32,away,20,0,32,0.0,0.0,0.1611301254949332,False
21-25,33,away,9,0,12,0.0,0.0,0.2991527535509594,False
21-25,34,away,4,0,4,0.0,0.0,0.48990002040399916,False
21-25,35,away,1,0,1,0.0,0.0,0.7934567085261071,False
26-30,0.0-0.5,away,292,0,380,0.0,0.0,0.012985327283248872,True
26-30,0.5-1.0,away,342,0,467,0.0,0.0,0.011107975443093023,True
26-30,1.0-1.5,away,374,0,497,0.0,0.0,0.010167223513768732,True
26-30,1.5-2.0,away,342,0,452,0.0,0.0,0.011107975443093023,True
26-30,2,away,560,0,950,0.0,0.0,0.006813261029338736,True
26-30,3,away,554,0,877,0.0,0.0,0.006886542703161613,True
26-30,4,away,534,0,907,0.0,0.0,0.00714262340436292,True
26-30,5,away,534,0,875,0.0,0.0,0.00714262340436292,True
26-30,6,away,532,0,868,0.0,0.0,0.007169282862696736,True
26-30,7,away,507,0,838,0.0,0.0,0.007520139315200641,True
26-30,8,away,465,0,746,0.0,0.0,0.00819381215318777,True
26-30,9,away,417,0,613,0.0,0.0,0.00912837514162098,True
26-30,10,away,435,0,734,0.0,0.0,0.00875395586927037,True
26-30,11,away,410,0,697,0.0,0.0,0.009282778725000097,True
26-30,12,away,388,0,661,0.0,0.0,0.00980396160081012,True
26-30,13,away,401,0,653,0.0,0.0,0.009489143408187298,True
26-30,14,away,351,0,565,0.0,0.0,0.010826239088088881,True
26-30,15,away,347,0,568,0.0,0.0,0.010949670734599319,True
26-30,16,away,305,0,495,0.0,0.0,0.012438738822749264,True
26-30,17,away,299,0,483,0.0,0.0,0.012685179314862951,True
26-30,18,away,249,0,374,0.0,0.0,0.01519370230215281,True
26-30,19,away,184,0,246,0.0,0.0,0.020451273839234757,True
26-30,20,away,191,0,326,0.0,0.0,0.019716528708448297,True
26-30,21,away,157,0,241,0.0,0.0,0.02388436822314625,True
26-30,22,away,118,0,177,0.0,0.0,0.03152946120208533,True
26-30,23,away,100,1,150,0.01,0.0017673865655472645,0.0544875247609346,True
26-30,24,away,79,1,115,0.012658227848101266,0.002237936230769212,0.06827736043177712,True
26-30,25,away,65,0,97,0.0,0.0,0.055803467670710726,True
26-30,26,away,52,0,73,0.0,0.0,0.06879459041288215,True
26-30,27,away,38,0,53,0.0,0.0,0.09181293258383999,True
26-30,28,away,27,0,36,0.0,0.0,0.12455903714463581,False
26-30,29,away,15,0,33,0.0,0.0,0.20388926630434784,False
26-30,30,away,11,0,16,0.0,2.7755575615628914e-17,0.2588400172488141,False
26-30,31,away,4,0,4,0.0,0.0,0.48990002040399916,False
26-30,32,away,2,0,2,0.0,0.0,0.6576280471103807,False
31+,0.0-0.5,away,321,0,483,0.0,0.0,0.011826071537635574,True
31+,0.5-1.0,away,429,0,615,0.0,0.0,0.008875302189068703,True
31+,1.0-1.5,away,431,0,612,0.0,0.0,0.008834481337572118,True
31+,1.5-2.0,away,434,0,629,0.0,0.0,0.008773949300386255,True
31+,2,away,562,0,1110,0.0,0.0,0.00678917916250767,True
31+,3,away,542,0,1030,0.0,0.0,0.007037939211668733,True
31+,4,away,534,0,1053,0.0,0.0,0.00714262340436292,True
31+,5,away,520,0,990,0.0,0.0,0.007333514558599393,True
31+,6,away,476,0,946,0.0,0.0,0.008005975305184045,True
31+,7,away,455,0,853,0.0,0.0,0.008372388205428627,True
31+,8,away,421,0,770,0.0,0.0,0.009042428990004743,True
31+,9,away,370,0,666,0.0,0.0,0.010276009946458605,True
31+,10,away,367,0,742,0.0,0.0,0.010359139859174374,True
31+,11,away,342,0,669,0.0,0.0,0.011107975443093023,True
31+,12,away,317,0,614,0.0,0.0,0.011973509669569032,True
31+,13,away,270,0,486,0.0,8.673617379884035e-19,0.014028547890459302,True
31+,14,away,234,0,434,0.0,0.0,0.01615192632407451,True
31+,15,away,222,0,429,0.0,0.0,0.017010152248301463,True
31+,16,away,175,0,312,0.0,0.0,0.021480460921843688,True
31+,17,away,168,0,315,0.0,0.0,0.02235547155054422,True
31+,18,away,129,0,215,0.0,0.0,0.028918651988533713,True
31+,19,away,90,0,152,0.0,0.0,0.04093706842168078,True
31+,20,away,76,0,148,0.0,0.0,0.04811526823109757,True
31+,21,away,61,0,113,0.0,0.0,0.05924591620194442,True
31+,22,away,55,0,94,0.0,0.0,0.06528714378942788,True
31+,23,away,35,0,61,0.0,0.0,0.09890426758938868,True
31+,24,away,29,0,43,0.0,0.0,0.11697359446555587,False
31+,25,away,18,0,34,0.0,0.0,0.1758845505823749,False
31+,26,away,12,0,19,0.0,0.0,0.2425007574992425,False
31+,27,away,8,0,9,0.0,0.0,0.3244156195108769,False
31+,28,away,5,0,8,0.0,0.0,0.43449149475208104,False
31+,29,away,2,0,7,0.0,0.0,0.6576280471103807,False
31+,30,away,2,0,2,0.0,0.0,0.6576280471103807,False
31+,31,away,1,0,2,0.0,0.0,0.7934567085261071,False
1,0.0-0.5,home,553,144,615,0.2603978300180832,0.22556248377728255,0.298539163800772,True
1,0.5-1.0,home,393,124,398,0.3155216284987277,0.27154884146362185,0.36306607793998896,True
1,1.0-1.5,home,326,119,333,0.36503067484662577,0.3146218204187043,0.4185834514451238,True
1,1.5-2.0,home,339,127,346,0.3746312684365782,0.32478029842330225,0.4272917955116229,True
1,2,home,652,274,680,0.42024539877300615,0.38293243809879457,0.45849268650446334,True
1,3,home,618,274,656,0.44336569579288027,0.4046674933860644,0.48276364663415944,True
1,4,home,617,286,649,0.46353322528363045,0.42453190741959945,0.5029858362367535,True
1,5,home,639,294,682,0.460093896713615,0.4218027513823263,0.49886199713426,True
1,6,home,639,272,676,0.42566510172143973,0.38788410061619527,0.46433454858136747,True
1,7,home,638,305,671,0.4780564263322884,0.4395425249282342,0.5168330044858767,True
1,8,home,591,284,617,0.4805414551607445,0.4405159332998689,0.5208183109762544,True
1,9,home,548,284,572,0.5182481751824818,0.47643118527642786,0.559811098741305,True
1,10,home,737,374,802,0.5074626865671642,0.4714229308604738,0.5434250474388009,True
1,11,home,732,372,776,0.5081967213114754,0.47203159119189314,0.5442762663687558,True
1,12,home,712,350,760,0.49157303370786515,0.4549950607323139,0.5282414541614838,True
1,13,home,714,326,756,0.4565826330532213,0.420375096830898,0.4932548739035927,True
1,14,home,708,348,746,0.4915254237288136,0.4548452675645777,0.5282970494902278,True
1,15,home,756,362,795,0.47883597883597884,0.4434226401049871,0.5144633192844436,True
1,16,home,749,366,795,0.4886515353805073,0.45300165613755156,0.524417232510472,True
1,17,home,777,377,835,0.4851994851994852,0.45021687992657355,0.52032772220528,True
1,18,home,777,402,827,0.5173745173745173,0.4822394001751197,0.5523386755831391,True
1,19,home,666,336,690,0.5045045045045045,0.4666150192850602,0.5423423222715107,True
1,20,home,826,427,883,0.5169491525423728,0.4828706075184795,0.5508707715591661,True
1,21,home,876,433,928,0.4942922374429224,0.46128053540398456,0.5273537824095855,True
1,22,home,845,440,890,0.5207100591715976,0.48700841645397935,0.5542242469781615,True
1,23,home,801,403,848,0.5031210986267166,0.4685630108315411,0.5376493917082878,True
1,24,home,898,453,941,0.5044543429844098,0.4718033619285889,0.5370673754603275,True
1,25,home,927,502,965,0.5415318230852212,0.5093500283347094,0.573370812676264,True
1,26,home,928,494,976,0.5323275862068966,0.5001575117525408,0.5642311139538025,True
1,27,home,941,518,975,0.5504782146652497,0.518553128838197,0.5819928251079458,True
1,28,home,1010,536,1052,0.5306930693069307,0.49985654857520784,0.5612969886242918,True
1,29,home,894,446,922,0.4988814317673378,0.4661803910582586,0.5315920445250336,True
1,30,home,1169,639,1225,0.5466210436270317,0.5179767615460499,0.5749599146427894,True
1,31,home,1193,647,1244,0.5423302598491199,0.5139682949984038,0.570420482931775,True
1,32,home,1238,643,1291,0.5193861066235864,0.4915374954633083,0.5471147770970568,True
1,33,home,1261,674,1318,0.5344964314036479,0.5069016374681381,0.5618816789566221,True
1,34,home,1388,738,1453,0.531700288184438,0.5053972425180865,0.5578283429220957,True
1,35,home,1555,826,1645,0.5311897106109325,0.506339735066513,0.555885958679407,True
1,36,home,1762,913,1843,0.518161180476731,0.49481586329638905,0.5414274781222297,True
1,37,home,1973,1074,2064,0.5443487075519513,0.5223077803459352,0.5662172689043435,True
1,38,home,1907,975,1995,0.5112742527530152,0.48883840458383937,0.5336647688869496,True
1,39,home,1092,564,1121,0.5164835164835165,0.48683764487646786,0.5460138183277033,True
2,0.0-0.5,home,823,93,1033,0.11300121506682867,0.0931446500910479,0.13645386067570595,True
2,0.5-1.0,home,396,86,409,0.21717171717171718,0.17938241909193758,0.2603957330563131,True
2,1.0-1.5,home,313,77,319,0.24600638977635783,0.20156276737207895,0.2966091898456602,True
2,1.5-2.0,home,332,79,337,0.23795180722891565,0.1953074634302438,0.2865911459141614,True
2,2,home,592,209,642,0.3530405405405405,0.31560195431902244,0.39237412522963605,True
2,3,home,631,232,667,0.3676703645007924,0.3309545324353239,0.4059877221365251,True
2,4,home,581,231,610,0.39759036144578314,0.3585929532729921,0.4379331488373912,True
2,5,home,572,198,607,0.34615384615384615,0.30830895983463036,0.38605143371804096,True
2,6,home,610,222,654,0.3639344262295082,0.3267145431861387,0.40285738546776817,True
2,7,home,602,243,632,0.40365448504983387,0.3651918000264522,0.4433390106673,True
2,8,home,627,280,661,0.44657097288676234,0.40810029691757305,0.4856923762352437,True
2,9,home,575,237,597,0.4121739130434783,0.37265287499628913,0.4528607024660079,True
2,10,home,717,321,772,0.4476987447698745,0.4116755292684145,0.48427942116729833,True
2,11,home,680,290,725,0.4264705882352941,0.38981321902859895,0.46395408614850636,True
2,12,home,677,298,735,0.4401772525849335,0.4032250121408828,0.47780458417050586,True
2,13,home,727,331,759,0.45529573590096284,0.41942459990694925,0.4916368393980931,True
2,14,home,683,291,715,0.4260614934114202,0.38949020111454224,0.46345988228168766,True
2,15,home,755,365,806,0.48344370860927155,0.4479714750134459,0.5190835731019975,True
2,16,home,730,339,774,0.4643835616438356,0.4284850636730128,0.5006549578248146,True
2,17,home,777,355,822,0.4568854568854569,0.42215684171958406,0.4920383036210329,True
2,18,home,740,327,773,0.4418918918918919,0.4065018433477188,0.47788214378072363,True
2,19,home,624,293,639,0.46955128205128205,0.43069854439534444,0.5087766353315166,True
2,20,home,811,371,869,0.45745992601726265,0.42345313690245445,0.49186782854653577,True
2,21,home,798,363,854,0.4548872180451128,0.4206354089731439,0.48957129519386366,True
2,22,home,864,426,916,0.4930555555555556,0.45982308750980705,0.5263495043548835,True
2,23,home,848,403,890,0.47523584905660377,0.44181118405527153,0.5088838747443926,True
2,24,home,818,399,854,0.4877750611246944,0.4536576575568684,0.5220067527139187,True
2,25,home,813,387,848,0.47601476014760147,0.4418776679317252,0.5103774571745379,True
2,26,home,857,406,894,0.47374562427071176,0.44050727668517164,0.5072182979153123,True
2,27,home,895,450,937,0.5027932960893855,0.47009415581262426,0.5354685595757157,True
2,28,home,1014,481,1054,0.47435897435897434,0.4437785076266605,0.5051329929447447,True
2,29,home,893,458,918,0.5128779395296752,0.48010944941379907,0.5455361049405038,True
2,30,home,1057,516,1112,0.4881740775780511,0.45813677058193114,0.5182970344272237,True
2,31,home,1059,524,1109,0.4948064211520302,0.46476661328140784,0.5248837730038108,True
2,32,home,1172,579,1226,0.49402730375426623,0.4654695444997449,0.5226240898809403,True
2,33,home,1271,613,1344,0.4822974036191975,0.4549207102933559,0.5097807867396873,True
2,34,home,1284,632,1349,0.49221183800623053,0.46493006134302367,0.5195400784629898,True
2,35,home,1526,743,1616,0.48689384010484926,0.46187985194057396,0.5119736502782177,True
2,36,home,1715,856,1808,0.49912536443148686,0.47548949578212496,0.5227651426906696,True
2,37,home,2001,974,2089,0.4867566216891554,0.464902671979561,0.5086613242982497,True
2,38,home,2491,1305,2598,0.5238859895624247,0.5042513238024797,0.5434470952073684,True
2,39,home,3912,1984,4029,0.5071574642126789,0.4914912608840808,0.522809624013817,True
3,0.0-0.5,home,946,46,1212,0.048625792811839326,0.036651542445472154,0.06425117649208544,True
3,0.5-1.0,home,422,46,445,0.10900473933649289,0.08272251713547565,0.14234145031157508,True
3,1.0-1.5,home,294,35,299,0.11904761904761904,0.0868554201893776,0.16106696540081533,True
3,1.5-2.0,home,292,54,298,0.18493150684931506,0.14459259536939667,0.2334529533296369,True
3,2,home,585,117,629,0.2,0.16958946905822664,0.23432492829413443,True
3,3,home,563,147,595,0.261101243339254,0.22652460130529983,0.2989160156148416,True
3,4,home,584,175,626,0.2996575342465753,0.2639102414547396,0.33802334065309336,True
3,5,home,584,190,636,0.3253424657534247,0.2885929525966464,0.36437478565120807,True
3,6,home,599,195,645,0.32554257095158595,0.28923226712527994,0.3640763300252816,True
3,7,home,608,204,638,0.3355263157894737,0.29913035808717314,0.37398765154146285,True
3,8,home,612,208,637,0.33986928104575165,0.3034444263056379,0.3782919162863532,True
3,9,home,533,188,554,0.3527204502814259,0.31334082565415877,0.3942079187054439,True
3,10,home,677,240,725,0.35450516986706054,0.31938396711891565,0.3912682609470544,True
3,11,home,678,257,730,0.37905604719764013,0.3433150892166596,0.4161598386844834,True
3,12,home,722,265,781,0.3670360110803324,0.3326672624207479,0.4028122140931361,True
3,13,home,710,263,761,0.3704225352112676,0.33568649004038686,0.40655324493723277,True
3,14,home,683,271,722,0.3967789165446559,0.36076355229043383,0.43394894037162973,True
3,15,home,732,292,789,0.3989071038251366,0.3640499029173877,0.43481985383460897,True
3,16,home,731,274,778,0.3748290013679891,0.3404766756131497,0.41049006334120447,True
3,17,home,769,324,816,0.4213263979193758,0.38690262502152073,0.4565323039471063,True
3,18,home,701,283,735,0.4037089871611983,0.368007898656028,0.44045970598024764,True
3,19,home,642,276,663,0.42990654205607476,0.3921396844840229,0.46850726052540337,True
3,20,home,781,306,834,0.39180537772087065,0.35817843195424953,0.42649149379892154,True
3,21,home,861,340,909,0.3948896631823461,0.3627738242703019,0.4279392959126309,True
3,22,home,747,330,780,0.44176706827309237,0.4065426696612324,0.477587351903902,True
3,23,home,821,356,856,0.4336175395858709,0.40010486581015126,0.4677485499244578,True
3,24,home,796,348,833,0.4371859296482412,0.4031091670055564,0.47186607809297304,True
3,25,home,836,346,878,0.4138755980861244,0.38095625524643467,0.4475828406973719,True
3,26,home,835,339,879,0.4059880239520958,0.3731827191999797,0.4396544123871996,True
3,27,home,875,390,912,0.44571428571428573,0.41308857964432266,0.4788145801514814,True
3,28,home,912,392,947,0.4298245614035088,0.3980551890702974,0.46218265118504803,True
3,29,home,800,356,827,0.445,0.41090625878642706,0.47961943682325525,True
3,30,home,990,452,1052,0.45656565656565656,0.42576441622536726,0.48770267953717666,True
3,31,home,1146,526,1201,0.45898778359511344,0.4303212507626833,0.4879283585748116,True
3,32,home,1123,523,1177,0.4657168299198575,0.43670810959255896,0.49495930488699175,True
3,33,home,1166,502,1215,0.4305317324185249,0.40238433050817224,0.4591353829299549,True
3,34,home,1251,581,1314,0.4644284572342126,0.4369421814614011,0.4921325320323178,True
3,35,home,1348,607,1406,0.4502967359050445,0.42391557644806593,0.4769603841674381,True
3,36,home,1385,634,1458,0.45776173285198557,0.4316756963275917,0.48408143537122844,True
3,37,home,1456,649,1535,0.44574175824175827,0.4203864437014178,0.4713826359028352,True
3,38,home,1314,603,1371,0.4589041095890411,0.4321192870313626,0.4859285269092506,True
3,39,home,1317,598,1345,0.4540622627182992,0.4273445687947509,0.4810471717440087,True
4,0.0-0.5,home,894,11,1192,0.012304250559284116,0.0068841043581512286,0.021897809957246942,True
4,0.5-1.0,home,463,29,515,0.06263498920086392,0.04396099790920518,0.08850705977888429,True
4,1.0-1.5,home,322,23,326,0.07142857142857142,0.04806469293065581,0.10489797359197357,True
4,1.5-2.0,home,293,39,298,0.13310580204778158,0.09891998521729495,0.17678800180339227,True
4,2,home,565,82,607,0.14513274336283186,0.1184839962846431,0.1765745929605879,True
4,3,home,572,100,611,0.17482517482517482,0.14589605654272703,0.2080929571026921,True
4,4,home,550,122,596,0.22181818181818183,0.18909187577810802,0.25840358140676223,True
4,5,home,562,143,600,0.25444839857651247,0.22018895016717432,0.2920420346172601,True
4,6,home,598,158,628,0.26421404682274247,0.2304605168237232,0.3009776556123463,True
4,7,home,631,183,660,0.2900158478605388,0.2559649671838213,0.326608071508035,True
4,8,home,546,142,590,0.2600732600732601,0.22504392142053503,0.2984552099656678,True
4,9,home,515,157,536,0.3048543689320388,0.266661283319482,0.34593724386106794,True
4,10,home,660,204,713,0.3090909090909091,0.27502411451835146,0.3453672559531586,True
4,11,home,641,199,672,0.31045241809672386,0.27585219585388965,0.34731107400959305,True
4,12,home,665,180,718,0.2706766917293233,0.23829524342333544,0.30569245112197996,True
4,13,home,643,228,676,0.3545878693623639,0.31857437719971127,0.3923285702916065,True
4,14,home,667,243,701,0.36431784107946025,0.3286693625164546,0.40152029775506093,True
4,15,home,676,247,715,0.36538461538461536,0.3299394607970897,0.40235111983228045,True
4,16,home,752,265,809,0.3523936170212766,0.31907826843278486,0.3872093981894279,True
4,17,home,711,256,756,0.360056258790436,0.3256112631031946,0.3960053859558417,True
4,18,home,726,278,761,0.38292011019283745,0.348264148769425,0.41880859687839767,True
4,19,home,593,219,610,0.36930860033726814,0.33142116937697574,0.40887843440399396,True
4,20,home,747,258,800,0.3453815261044177,0.3121519313669976,0.3801932983059455,True
4,21,home,761,292,811,0.38370565045992117,0.34982098927492916,0.4187585440558938,True
4,22,home,702,252,744,0.358974358974359,0.32434428900996204,0.3951395158550388,True
4,23,home,800,304,854,0.38,0.34701349057065206,0.41413348166865477,True
4,24,home,734,287,769,0.391008174386921,0.35636049404320347,0.42679079479711135,True
4,25,home,797,291,837,0.36511919698870765,0.33241374977919613,0.3991186781066679,True
4,26,home,783,310,813,0.3959131545338442,0.3622462148551956,0.4305964614852522,True
4,27,home,800,327,833,0.40875,0.37519844571448135,0.4431737310924916,True
4,28,home,826,327,861,0.39588377723970947,0.36308846049870636,0.4296430680243274,True
4,29,home,768,303,800,0.39453125,0.3605712954316027,0.42954107995733715,True
4,30,home,935,410,977,0.4385026737967914,0.40701236736940377,0.47049625602350936,True
4,31,home,967,409,1016,0.42295760082730094,0.3921843132202464,0.454340598773636,True
4,32,home,998,402,1045,0.4028056112224449,0.3728048058994627,0.43355180776082064,True
4,33,home,1050,420,1102,0.4,0.3707839313243898,0.42994513459974915,True
4,34,home,1131,446,1191,0.394341290893015,0.36626267196676665,0.4231352492937862,True
4,35,home,1123,446,1171,0.39715048975957257,0.3689292068294765,0.4260730366091755,True
4,36,home,1252,512,1316,0.40894568690095845,0.38203116985822594,0.4364172714101634,True
4,37,home,1315,563,1373,0.4281368821292776,0.4016401100239833,0.45505230853484896,True
4,38,home,1180,522,1223,0.4423728813559322,0.41426649536093196,0.4708532706618197,True
4,39,home,353,131,355,0.37110481586402266,0.32234808258231373,0.4226368070718073,True
5,0.0-0.5,home,880,8,1178,0.00909090909090909,0.00461350629708036,0.017835765156085,True
5,0.5-1.0,home,519,7,617,0.01348747591522158,0.006548277415212541,0.027576015678527507,True
5,1.0-1.5,home,335,15,351,0.04477611940298507,0.027319653279547475,0.07255474230824338,True
5,1.5-2.0,home,283,18,291,0.0636042402826855,0.04060758917909536,0.09828997658542414,True
5,2,home,583,61,633,0.10463121783876501,0.08232014489203988,0.13211864063373058,True
5,3,home,523,72,555,0.13766730401529637,0.11076918229621771,0.16984950840702215,True
5,4,home,563,107,603,0.19005328596802842,0.15978647165728332,0.22452124323167338,True
5,5,home,565,114,589,0.20176991150442478,0.17074237846369858,0.23682556312144568,True
5,6,home,545,123,567,0.22568807339449543,0.19258148439378134,0.262634738283217,True
5,7,home,558,131,589,0.23476702508960573,0.20148556821931932,0.27167555050168674,True
5,8,home,572,131,606,0.229020979020979,0.196459899619535,0.2651976117516475,True
5,9,home,492,125,511,0.2540650406504065,0.2176046960309873,0.2943362141306449,True
5,10,home,663,169,716,0.2549019607843137,0.22320591317698701,0.2894219732656105,True
5,11,home,655,188,704,0.2870229007633588,0.25369929576472255,0.3228301765697505,True
5,12,home,647,172,701,0.26584234930448225,0.23325529678601706,0.3011936382543984,True
5,13,home,597,167,641,0.2797319932998325,0.24522098633203268,0.3170596546888287,True
5,14,home,628,190,657,0.30254777070063693,0.267909768917633,0.3395867935119378,True
5,15,home,697,204,738,0.2926829268292683,0.26011396378298757,0.3275246695401486,True
5,16,home,684,215,728,0.31432748538011696,0.2806544125368273,0.3500745227296642,True
5,17,home,655,224,691,0.3419847328244275,0.30667117079652506,0.37914101835485814,True
5,18,home,670,222,707,0.33134328358208953,0.2967517632553346,0.3678578423255616,True
5,19,home,565,186,582,0.3292035398230089,0.29172192595035795,0.36899205839959115,True
5,20,home,739,238,789,0.32205683355886333,0.28936202305429026,0.3565921076782913,True
5,21,home,701,216,749,0.30813124108416545,0.27507384833152526,0.34328011942520176,True
5,22,home,723,217,763,0.30013831258644535,0.26785805994594725,0.3345312364289438,True
5,23,home,706,239,746,0.3385269121813031,0.3045778987262915,0.3742236817953347,True
5,24,home,678,220,709,0.32448377581120946,0.2903165695882087,0.3606287526097916,True
5,25,home,758,267,799,0.35224274406332456,0.3190600167440108,0.3869156086353332,True
5,26,home,763,268,800,0.35124508519003933,0.31819514917116287,0.38578543821481104,True
5,27,home,801,277,838,0.34581772784019976,0.31368493960160276,0.3794223749308468,True
5,28,home,758,285,791,0.3759894459102902,0.34221312050239805,0.4110164222266941,True
5,29,home,712,253,737,0.3553370786516854,0.32104302514408195,0.3911838138661125,True
5,30,home,900,327,967,0.36333333333333334,0.3325529774441519,0.39527543850837776,True
5,31,home,911,343,958,0.3765093304061471,0.34562676778389523,0.4084290162993821,True
5,32,home,954,367,1002,0.38469601677148846,0.354343487980337,0.41597344124888014,True
5,33,home,862,353,908,0.4095127610208817,0.3771569121136416,0.4426715645961861,True
5,34,home,896,342,941,0.38169642857142855,0.3504555685448309,0.4139474108239824,True
5,35,home,982,369,1031,0.3757637474541752,0.34601076993658625,0.40648496568666187,True
5,36,home,941,370,986,0.3931987247608927,0.36248368071832876,0.4247822483008847,True
5,37,home,844,328,889,0.3886255924170616,0.35631546128237357,0.4219450062389182,True
5,38,home,653,272,676,0.4165390505359878,0.37932244396250175,0.4547319155664928,True
5,39,home,198,79,201,0.398989898989899,0.33332770554890034,0.46849709171786724,True
6,0.0-0.5,home,842,3,1125,0.0035629453681710215,0.0012124249623364633,0.010422850484035528,True
6,0.5-1.0,home,608,8,745,0.013157894736842105,0.006681980982489835,0.025747327518272453,True
6,1.0-1.5,home,336,10,356,0.02976190476190476,0.016244723626680543,0.05391031330817381,True
6,1.5-2.0,home,317,13,326,0.04100946372239748,0.024120074193333643,0.0688903085001824,True
6,2,home,561,30,608,0.053475935828877004,0.03771193047455239,0.07531373902287838,True
6,3,home,540,40,574,0.07407407407407407,0.0548669980619276,0.09929847953301915,True
6,4,home,532,61,570,0.11466165413533834,0.09030567869244607,0.14454282877692542,True
6,5,home,546,79,576,0.1446886446886447,0.11766181759936374,0.17668040750692143,True
6,6,home,510,68,543,0.13333333333333333,0.10655454098973519,0.16559469721908246,True
6,7,home,532,90,570,0.16917293233082706,0.1397124639923367,0.20337698632283105,True
6,8,home,498,95,524,0.19076305220883535,0.1586726649767917,0.22758786025666847,True
6,9,home,488,100,505,0.20491803278688525,0.1714754488634325,0.24297017753335873,True
6,10,home,656,135,707,0.20579268292682926,0.17661067046490803,0.23840044735488386,True
6,11,home,569,120,612,0.210896309314587,0.17937167064748777,0.24629853207521957,True
6,12,home,641,137,698,0.21372854914196568,0.183747291444988,0.24712069225829666,True
6,13,home,581,134,611,0.2306368330464716,0.1982200867571304,0.26659226585253337,True
6,14,home,574,157,605,0.2735191637630662,0.23864759249240008,0.3114021097097258,True
6,15,home,638,164,665,0.25705329153605017,0.22466712141097606,0.292347668530966,True
6,16,home,670,195,714,0.291044776119403,0.25791754080185836,0.3265545369089865,True
6,17,home,653,171,701,0.26186830015313933,0.22960938274212853,0.29691268894151635,True
6,18,home,634,161,671,0.2539432176656151,0.22161312612500647,0.2892372166560226,True
6,19,home,568,168,594,0.29577464788732394,0.2597143315576941,0.3345789132849336,True
6,20,home,664,195,712,0.2936746987951807,0.26029855603354496,0.3294245160242603,True
6,21,home,657,197,698,0.2998477929984779,0.2660574850155834,0.335965147942148,True
6,22,home,639,180,672,0.28169014084507044,0.24819699574802878,0.3177925108427083,True
6,23,home,640,177,671,0.2765625,0.2433187242964787,0.3124726380510304,True
6,24,home,677,205,716,0.30280649926144754,0.26938745813331133,0.3384508408190441,True
6,25,home,666,206,700,0.30930930930930933,0.27538261156761357,0.34542326253754796,True
6,26,home,643,186,670,0.2892690513219285,0.25555513830527904,0.3254860315885559,True
6,27,home,705,216,736,0.30638297872340425,0.27347906025962115,0.3413855300804491,True
6,28,home,713,218,741,0.30575035063113604,0.2730476585902206,0.34053503527129625,True
6,29,home,599,203,617,0.33889816360601,0.3021255059571115,0.37772405983264146,True
6,30,home,749,253,797,0.3377837116154873,0.3048163592441735,0.3724065784893418,True
6,31,home,757,274,802,0.3619550858652576,0.32849724608013936,0.3968069433858415,True
6,32,home,789,262,826,0.3320659062103929,0.30008702962501244,0.3656721838168655,True
6,33,home,727,244,761,0.3356258596973865,0.3022433312676362,0.3707364224847502,True
6,34,home,771,276,803,0.35797665369649806,0.3249173422323859,0.3924442449616935,True
6,35,home,723,258,756,0.35684647302904565,0.3227664142351839,0.39243975998489383,True
6,36,home,748,265,783,0.35427807486631013,0.32082543651576245,0.38921987090005483,True
6,37,home,627,208,655,0.3317384370015949,0.2960064451573675,0.3695197344731451,True
6,38,home,367,125,382,0.3405994550408719,0.2939878746212202,0.39051354053824405,True
6,39,home,42,10,43,0.23809523809523808,0.13480820811018188,0.38527835082318873,True
7,0.0-0.5,home,823,1,1082,0.001215066828675577,0.000214515822750015,0.006850440754180801,True
7,0.5-1.0,home,650,1,797,0.0015384615384615385,0.00027162089232817595,0.008662653096968315,True
7,1.0-1.5,home,313,5,340,0.01597444089456869,0.006842028580826057,0.03684415404165786,True
7,1.5-2.0,home,300,7,312,0.023333333333333334,0.01134751559829571,0.04737255433287896,True
7,2,home,521,15,566,0.028790786948176585,0.01752370965919607,0.04695593524700038,True
7,3,home,516,28,557,0.05426356589147287,0.03780671127307688,0.07730835454697293,True
7,4,home,481,40,521,0.08316008316008316,0.061663181229608274,0.11126257431612048,True
7,5,home,518,48,543,0.09266409266409266,0.07060404830497102,0.12072144203539281,True
7,6,home,486,53,508,0.10905349794238683,0.08434564282027249,0.13989337648719344,True
7,7,home,474,62,501,0.1308016877637131,0.10339157152116558,0.16414813201239037,True
7,8,home,508,78,534,0.15354330708661418,0.12480310638770228,0.1874841324768214,True
7,9,home,459,71,480,0.15468409586056645,0.12448209667252451,0.19061836102185736,True
7,10,home,596,103,644,0.17281879194630873,0.1445841712622394,0.2052441834233976,True
7,11,home,577,102,614,0.17677642980935876,0.14781658156132813,0.21001178334917422,True
7,12,home,538,102,573,0.1895910780669145,0.15871346049127474,0.22487022891167993,True
7,13,home,539,104,567,0.19294990723562153,0.16185532808367858,0.22839037158266978,True
7,14,home,552,127,591,0.23007246376811594,0.1968988168035581,0.2669772227012217,True
7,15,home,576,140,599,0.24305555555555555,0.20980348208799304,0.2797122753188574,True
7,16,home,589,163,630,0.2767402376910017,0.24214401864843024,0.3142298930338807,True
7,17,home,565,141,603,0.24955752212389382,0.2156451633729855,0.2868525442489605,True
7,18,home,572,135,600,0.23601398601398602,0.20304746836589066,0.2725027523892614,True
7,19,home,497,119,524,0.23943661971830985,0.20400787779004365,0.2788625546979925,True
7,20,home,631,155,672,0.24564183835182252,0.2136596673078363,0.28070239088116705,True
7,21,home,605,141,641,0.23305785123966943,0.2011171472580766,0.26836719809546034,True
7,22,home,637,153,678,0.2401883830455259,0.20863345642406675,0.2748582519793827,True
7,23,home,563,153,590,0.27175843694493784,0.23664957790713914,0.30996097431768,True
7,24,home,582,145,600,0.24914089347079038,0.21572311118797827,0.28584864472693117,True
7,25,home,634,168,674,0.26498422712933756,0.232120650573875,0.30067871528749257,True
7,26,home,651,176,698,0.27035330261136714,0.23765574586679145,0.30574528424491815,True
7,27,home,617,184,651,0.29821717990275526,0.2634581211827042,0.3354733937157821,True
7,28,home,591,175,613,0.2961082910321489,0.26071263138681317,0.33413749341952187,True
7,29,home,563,161,579,0.28596802841918295,0.2501903100675424,0.3246468225635137,True
7,30,home,698,202,739,0.28939828080229224,0.2569808391224939,0.3241212215134103,True
7,31,home,701,194,734,0.2767475035663338,0.244912761517281,0.3110158329357138,True
7,32,home,639,193,675,0.30203442879499215,0.2677042145419137,0.3387307143737009,True
7,33,home,612,176,637,0.2875816993464052,0.2531327305663335,0.32468078511691995,True
7,34,home,598,187,619,0.31270903010033446,0.2768465541110547,0.35096249066085866,True
7,35,home,592,188,616,0.31756756756756754,0.28134533603508727,0.35614221099083365,True
7,36,home,495,157,517,0.31717171717171716,0.27771617599976817,0.3594431948305715,True
7,37,home,394,124,407,0.3147208121827411,0.270839891946168,0.3621798827581364,True
7,38,home,141,45,147,0.3191489361702128,0.2478784206941128,0.400012792879888,True
7,39,home,6,3,7,0.5,0.18761280689940868,0.8123871931005913,False
8,0.0-0.5,home,746,1,942,0.0013404825737265416,0.0002366612052391373,0.007553784136817105,True
8,0.5-1.0,home,637,0,792,0.0,0.0,0.005994617078541717,True
8,1.0-1.5,home,358,2,388,0.00558659217877095,0.001533352272449235,0.02013800889774236,True
8,1.5-2.0,home,297,4,308,0.013468013468013467,0.005249493312139357,0.034112084342014855,True
8,2,home,488,8,538,0.01639344262295082,0.008329601688553238,0.0320118415728545,True
8,3,home,455,16,485,0.035164835164835165,0.02175902622510368,0.05635420500763546,True
8,4,home,480,20,509,0.041666666666666664,0.02713204673579135,0.06347942610986722,True
8,5,home,484,32,517,0.06611570247933884,0.04721891584563434,0.09184589535537846,True
8,6,home,465,32,495,0.06881720430107527,0.04916504085111256,0.09553542941432464,True
8,7,home,435,56,455,0.12873563218390804,0.10048279692096929,0.1634885312302361,True
8,8,home,459,64,491,0.1394335511982571,0.11072622655644415,0.17412630182475586,True
8,9,home,460,60,479,0.13043478260869565,0.10269392768621682,0.16429721756681787,True
8,10,home,568,78,613,0.13732394366197184,0.11144457750306044,0.16807618488988194,True
8,11,home,540,69,570,0.12777777777777777,0.10222588000346215,0.1585882982425565,True
8,12,home,531,80,566,0.15065913370998116,0.1227479572992821,0.18358872257004744,True
8,13,home,493,75,515,0.15212981744421908,0.1231247306534058,0.18651439779316553,True
8,14,home,536,81,568,0.15111940298507462,0.12328639604231782,0.18391779126003155,True
8,15,home,530,105,567,0.19811320754716982,0.1664045128814996,0.2341667427119199,True
8,16,home,517,110,548,0.2127659574468085,0.1796722797710349,0.25009677093459226,True
8,17,home,556,116,598,0.20863309352517986,0.17691388970286692,0.2443509823609455,True
8,18,home,580,113,614,0.19482758620689655,0.1646452954269946,0.22902586469588807,True
8,19,home,456,98,469,0.2149122807017544,0.17967439222555323,0.2549135180461577,True
8,20,home,569,122,612,0.21441124780316345,0.18266258571789737,0.24999035010240625,True
8,21,home,562,110,596,0.19572953736654805,0.16503835500465902,0.23055221309779228,True
8,22,home,543,112,573,0.20626151012891344,0.17434878227420528,0.24230130433222694,True
8,23,home,526,121,547,0.2300380228136882,0.1961061258941906,0.26788462152919024,True
8,24,home,566,120,593,0.21201413427561838,0.18033959005906713,0.2475716049116054,True
8,25,home,562,129,584,0.22953736654804271,0.19667433812153443,0.2660728335250889,True
8,26,home,559,132,583,0.23613595706618962,0.20280326470119533,0.27307058684069496,True
8,27,home,523,120,543,0.2294455066921606,0.19545895405065605,0.2673776936248502,True
8,28,home,508,139,528,0.2736220472440945,0.23666083681287617,0.3139813931270115,True
8,29,home,471,120,485,0.25477707006369427,0.21751813047050067,0.29600385243916855,True
8,30,home,577,148,612,0.2564991334488735,0.22255819063817778,0.2936610333292516,True
8,31,home,579,144,602,0.24870466321243523,0.21522830929256942,0.28549367074454535,True
8,32,home,541,144,572,0.266173752310536,0.2306750358945251,0.30496981941755086,True
8,33,home,506,137,525,0.2707509881422925,0.23386865087869224,0.31108805724398747,True
8,34,home,474,127,494,0.2679324894514768,0.23004416342830075,0.3095522216499343,True
8,35,home,413,117,435,0.28329297820823246,0.2419867772002431,0.3285935103718227,True
8,36,home,340,97,352,0.2852941176470588,0.23990318796321425,0.33548268739334525,True
8,37,home,215,56,224,0.26046511627906976,0.20636873928719737,0.322971203392805,True
8,38,home,73,14,75,0.1917808219178082,0.11782254045474988,0.29655717053513053,True
8,39,home,4,0,4,0.0,0.0,0.48990002040399916,False
9,0.0-0.5,home,636,0,777,0.0,0.0,0.006003985986531667,True
9,0.5-1.0,home,601,0,767,0.0,0.0,0.0063514149820382716,True
9,1.0-1.5,home,351,0,373,0.0,0.0,0.010826239088088881,True
9,1.5-2.0,home,280,2,299,0.007142857142857143,0.001960978526654814,0.02566569776040107,True
9,2,home,437,7,473,0.016018306636155607,0.007780358329413109,0.032691321294288464,True
9,3,home,457,4,488,0.0087527352297593,0.003408827148349277,0.0222867697769283,True
9,4,home,448,7,472,0.015625,0.007588815650526161,0.03189758843444521,True
9,5,home,472,16,510,0.03389830508474576,0.02097135624421864,0.0543511880646438,True
9,6,home,479,26,509,0.054279749478079335,0.03730779580401312,0.07834421098247754,True
9,7,home,413,38,439,0.09200968523002422,0.06776835547098646,0.12377106861720437,True
9,8,home,445,37,469,0.08314606741573034,0.060922418389438904,0.11250535657616145,True
9,9,home,459,36,484,0.0784313725490196,0.05718836366597498,0.10667244746249749,True
9,10,home,520,56,568,0.1076923076923077,0.0838674519231434,0.13727115180744998,True
9,11,home,499,53,532,0.1062124248496994,0.08212280356947686,0.136318948266489,True
9,12,home,504,71,536,0.14087301587301587,0.11321034157240398,0.1739689678815675,True
9,13,home,483,58,510,0.12008281573498965,0.09405037989738971,0.15211099990252877,True
9,14,home,486,67,517,0.13786008230452676,0.1100376896310144,0.17136266509590142,True
9,15,home,488,82,518,0.1680327868852459,0.13748002068794526,0.20377130900844478,True
9,16,home,510,81,538,0.1588235294117647,0.12966745262882498,0.19308103639970056,True
9,17,home,503,97,533,0.19284294234592445,0.16074427567090943,0.2295977956981337,True
9,18,home,507,86,536,0.16962524654832348,0.13946919674356273,0.20475022469744752,True
9,19,home,430,76,443,0.17674418604651163,0.1435979086479764,0.2156152235182336,True
9,20,home,516,92,556,0.17829457364341086,0.14768226032067058,0.21366165674945234,True
9,21,home,532,88,557,0.16541353383458646,0.1362609385554952,0.19936361914961764,True
9,22,home,522,99,553,0.1896551724137931,0.15833801909464093,0.22550684977841892,True
9,23,home,467,89,491,0.1905781584582441,0.1575363642357589,0.22866910274082092,True
9,24,home,501,90,519,0.17964071856287425,0.14850236691622468,0.21565462806992544,True
9,25,home,484,90,511,0.1859504132231405,0.15380944333631044,0.22303746762823215,True
9,26,home,504,104,521,0.20634920634920634,0.17330332450722608,0.24383776830596604,True
9,27,home,470,104,494,0.22127659574468084,0.1860915403583473,0.26098106787191366,True
9,28,home,519,132,547,0.2543352601156069,0.21876769890944325,0.29351288473195025,True
9,29,home,437,103,456,0.23569794050343248,0.19831326751361505,0.2776889972454276,True
9,30,home,493,98,521,0.19878296146044624,0.1659424880180343,0.23628148034532337,True
9,31,home,445,105,469,0.23595505617977527,0.1988689419400264,0.27756105028885797,True
9,32,home,487,111,513,0.22792607802874743,0.1928826551984718,0.2672283052417191,True
9,33,home,385,87,401,0.22597402597402597,0.18702354432880927,0.27033904239030715,True
9,34,home,358,81,373,0.22625698324022347,0.18595360607095285,0.2723729102831645,True
9,35,home,302,85,316,0.2814569536423841,0.2337262004489416,0.3346778361503962,True
9,36,home,215,54,229,0.25116279069767444,0.19790555864913573,0.3131563235524202,True
9,37,home,131,32,136,0.24427480916030533,0.17867404056237238,0.32444665809442197,True
9,38,home,21,2,21,0.09523809523809523,0.026518208796947246,0.2891458386074067,False
9,39,home,2,1,3,0.5,0.09452865480086614,0.9054713451991339,False
10,0.0-0.5,home,536,0,643,0.0,0.0,0.007116161481441964,True
10,0.5-1.0,home,568,0,685,0.0,0.0,0.006717944269881728,True
10,1.0-1.5,home,371,0,413,0.0,0.0,0.010248595673479145,True
10,1.5-2.0,home,280,0,294,0.0,0.0,0.013534309276723356,True
10,2,home,403,3,437,0.007444168734491315,0.002534807926822178,0.02165544203778321,True
10,3,home,449,6,473,0.013363028953229399,0.006138317059537289,0.028844334710971427,True
10,4,home,425,6,460,0.01411764705882353,0.006485791534571775,0.030454654541555166,True
10,5,home,472,4,501,0.00847457627118644,0.00330033790917412,0.021585254271080823,True
10,6,home,424,16,459,0.03773584905660377,0.02335889742113292,0.06041416251506776,True
10,7,home,413,24,434,0.05811138014527845,0.03935804273432362,0.0850095827617881,True
10,8,home,442,35,463,0.07918552036199095,0.0574851616350697,0.10813778606653554,True
10,9,home,415,35,434,0.08433734939759036,0.06126419012566654,0.11503539425181651,True
10,10,home,483,40,525,0.08281573498964803,0.06140534270300627,0.11081001440698596,True
10,11,home,455,39,490,0.08571428571428572,0.06333419540881036,0.11503149767568763,True
10,12,home,495,59,532,0.1191919191919192,0.093539652128733,0.1507094241311459,True
10,13,home,430,37,462,0.08604651162790698,0.06306987616701269,0.11635413480842167,True
10,14,home,430,50,457,0.11627906976744186,0.08932140977819439,0.15003230826083183,True
10,15,home,421,52,453,0.12351543942992874,0.09544729090898951,0.15839225776044397,True
10,16,home,460,55,481,0.11956521739130435,0.09302119788247967,0.15241086340740895,True
10,17,home,481,65,509,0.13513513513513514,0.10745822288502933,0.16859399705649378,True
10,18,home,442,61,469,0.13800904977375567,0.1089602902136967,0.1732960088844584,True
10,19,home,390,49,403,0.12564102564102564,0.09635503666899083,0.16223014072212272,True
10,20,home,482,71,517,0.14730290456431536,0.11845396513496084,0.18172946913662066,True
10,21,home,455,69,482,0.15164835164835164,0.1216160876067301,0.18751368615397512,True
10,22,home,479,72,508,0.15031315240083507,0.12109685016456849,0.18509383431663612,True
10,23,home,426,71,449,0.16666666666666666,0.13428816018246997,0.20500333696438594,True
10,24,home,455,84,485,0.18461538461538463,0.1516569006332987,0.22285491346551015,True
10,25,home,440,69,450,0.15681818181818183,0.12582847112582515,0.19374860321781454,True
10,26,home,448,70,468,0.15625,0.12556570335603948,0.19277948663974667,True
10,27,home,419,78,436,0.18615751789976134,0.15179910977223052,0.2262185687154112,True
10,28,home,397,82,420,0.20654911838790932,0.1696302618909476,0.2490927449027584,True
10,29,home,359,65,370,0.181058495821727,0.1446699365403432,0.22420066705086572,True
10,30,home,400,72,423,0.18,0.1454497374118191,0.22063835257197656,True
10,31,home,394,76,411,0.19289340101522842,0.15697299960243738,0.2347447091540124,True
10,32,home,352,71,372,0.20170454545454544,0.16310729861899026,0.24674247723633408,True
10,33,home,316,76,333,0.24050632911392406,0.19667983022643948,0.2905663566360575,True
10,34,home,225,42,235,0.18666666666666668,0.14116907266689918,0.24268421274973836,True
10,35,home,219,43,222,0.1963470319634703,0.14916370130064643,0.25399980138466904,True
10,36,home,131,20,141,0.15267175572519084,0.10105740445609404,0.22407667879417884,True
10,37,home,51,10,52,0.19607843137254902,0.11015224836299273,0.32458342674495444,True
10,38,home,3,0,3,0.0,0.0,0.5615060804490177,False
10,39,home,1,0,2,0.0,0.0,0.7934567085261071,False
11-15,0.0-0.5,home,959,0,1685,0.0,4.336808689942018e-19,0.003989856690861715,True
11-15,0.5-1.0,home,1103,0,2170,0.0,0.0,0.0034707766675918217,True
11-15,1.0-1.5,home,921,0,1622,0.0,0.0,0.0041537923899616965,True
11-15,1.5-2.0,home,843,0,1334,0.0,0.0,0.004536385553095171,True
11-15,2,home,1169,1,2124,0.000855431993156544,0.00015101683033484897,0.004829706909341506,True
11-15,3,home,1182,4,2051,0.00338409475465313,0.0013167500719118005,0.008669069282039012,True
11-15,4,home,1162,8,1919,0.0068846815834767644,0.0034925925931109537,0.013526529043996522,True
11-15,5,home,1162,10,1926,0.008605851979345954,0.004681126302797193,0.015768993164547253,True
11-15,6,home,1136,15,1855,0.013204225352112676,0.008017995988664681,0.021671743357574307,True
11-15,7,home,1197,29,1958,0.02422723475355054,0.016920686393323378,0.034577862624298926,True
11-15,8,home,1164,27,1844,0.023195876288659795,0.015989772271512447,0.0335388624337421,True
11-15,9,home,1117,37,1702,0.03312444046553268,0.024125968925295643,0.045323273501109665,True
11-15,10,home,1235,55,2185,0.044534412955465584,0.03437337043463522,0.05752021789820734,True
11-15,11,home,1164,53,2008,0.04553264604810996,0.034977957537179125,0.05907726365035178,True
11-15,12,home,1205,79,1993,0.06556016597510374,0.05291965939953015,0.08096190126151924,True
11-15,13,home,1230,75,2029,0.06097560975609756,0.04892084294948658,0.07576420576341139,True
11-15,14,home,1186,75,1925,0.06323777403035413,0.050746470591122986,0.07854939534599,True
11-15,15,home,1205,77,1919,0.06390041493775933,0.05142936632172193,0.07914324137146134,True
11-15,16,home,1206,76,1950,0.06301824212271974,0.050642918178500265,0.07816865517126718,True
11-15,17,home,1191,89,1899,0.07472712006717044,0.06112196676231894,0.0910669091522793,True
11-15,18,home,1137,91,1760,0.08003518029903255,0.06563999592623068,0.09725869220014902,True
11-15,19,home,1035,93,1503,0.08985507246376812,0.0739154233628053,0.10882812483549559,True
11-15,20,home,1138,107,1916,0.09402460456942004,0.0784064225656626,0.11237450536689828,True
11-15,21,home,1135,116,1781,0.10220264317180616,0.0859002228114224,0.12118880519738937,True
11-15,22,home,1056,115,1648,0.10890151515151515,0.09151069924958358,0.1291275546177868,True
11-15,23,home,1049,111,1569,0.10581506196377502,0.08861708005216537,0.12588964156673724,True
11-15,24,home,998,115,1518,0.11523046092184369,0.09687869019264037,0.13653305873054272,True
11-15,25,home,961,121,1463,0.1259105098855359,0.10641378958400008,0.14838616929007828,True
11-15,26,home,940,112,1375,0.11914893617021277,0.09997280875590941,0.14142532415113773,True
11-15,27,home,869,101,1269,0.11622554660529344,0.0965853688373865,0.139243904194513,True
11-15,28,home,830,108,1196,0.13012048192771083,0.10892524085443923,0.15472387427725964,True
11-15,29,home,747,87,1055,0.11646586345381527,0.0953991618890253,0.1414571870399632,True
11-15,30,home,735,95,1128,0.1292517006802721,0.1069122164121448,0.15544658958903326,True
11-15,31,home,677,90,1027,0.1329394387001477,0.10942397830026315,0.16059712499307263,True
11-15,32,home,626,93,910,0.1485623003194888,0.12284714893862798,0.17856450757945524,True
11-15,33,home,488,78,692,0.1598360655737705,0.129997752299642,0.1949881781299923,True
11-15,34,home,360,54,503,0.15,0.11681920737220983,0.1905717011989926,True
11-15,35,home,259,45,364,0.17374517374517376,0.1324600670031862,0.22456713112679022,True
11-15,36,home,116,25,152,0.21551724137931033,0.15045569151310173,0.2988173489002438,True
11-15,37,home,28,3,31,0.10714285714285714,0.03711769205479949,0.2719622536765708,False
11-15,38,home,2,0,2,0.0,0.0,0.6576280471103807,False
11-15,39,home,1,0,3,0.0,0.0,0.7934567085261071,False
16-20,0.0-0.5,home,471,0,671,0.0,0.0,0.008090276841793136,True
16-20,0.5-1.0,home,576,0,856,0.0,0.0,0.006625257656573795,True
16-20,1.0-1.5,home,567,0,843,0.0,0.0,0.006729712760948046,True
16-20,1.5-2.0,home,549,0,799,0.0,0.0,0.006948825848127203,True
16-20,2,home,809,0,1466,0.0,0.0,0.004726136063902241,True
16-20,3,home,804,0,1364,0.0,0.0,0.004755387689863953,True
16-20,4,home,799,2,1310,0.0025031289111389237,0.0006867024618485099,0.009080604065366822,True
16-20,5,home,794,3,1299,0.003778337531486146,0.0012857666469751425,0.011049513940048647,True
16-20,6,home,762,3,1200,0.003937007874015748,0.0013397977737258718,0.011510901378683712,True
16-20,7,home,764,4,1179,0.005235602094240838,0.002037818028764165,0.013384112744457813,True
16-20,8,home,733,6,1178,0.008185538881309686,0.0037566989263001704,0.017742630101811162,True
16-20,9,home,702,2,1109,0.002849002849002849,0.00078163098080067,0.010327943745313518,True
16-20,10,home,794,9,1358,0.011335012594458438,0.005974593516913235,0.021401266553556893,True
16-20,11,home,769,8,1301,0.010403120936280884,0.005280591334735643,0.02039297489151305,True
16-20,12,home,749,11,1266,0.014686248331108143,0.0082199318234851,0.026105482712587294,True
16-20,13,home,700,15,1191,0.02142857142857143,0.01302815388305926,0.03505311894878246,True
16-20,14,home,687,12,1087,0.017467248908296942,0.010019637637750484,0.030281351764161614,True
16-20,15,home,705,17,1134,0.024113475177304965,0.015108758701264519,0.03827636993678381,True
16-20,16,home,690,14,1116,0.020289855072463767,0.012123943007626812,0.033767799430416676,True
16-20,17,home,673,13,1064,0.019316493313521546,0.011322728572446908,0.03276676001690693,True
16-20,18,home,633,10,965,0.01579778830963665,0.008603176171378816,0.028834076671400297,True
16-20,19,home,531,14,768,0.026365348399246705,0.015768941722520958,0.04376569432673176,True
16-20,20,home,539,14,876,0.025974025974025976,0.015533961687455208,0.043123296709837854,True
16-20,21,home,495,14,780,0.028282828282828285,0.016920754643984737,0.0469103292110907,True
16-20,22,home,491,14,773,0.028513238289205704,0.017059205825694118,0.04728784987859591,True
16-20,23,home,458,14,713,0.03056768558951965,0.018294140359600475,0.05065070999601928,True
16-20,24,home,394,14,579,0.03553299492385787,0.021282054816750925,0.058753818757053336,True
16-20,25,home,361,18,549,0.04986149584487535,0.03176915505816889,0.0774333043104996,True
16-20,26,home,332,13,499,0.0391566265060241,0.023023604584368015,0.065832570469586,True
16-20,27,home,315,8,476,0.025396825396825397,0.012923810848963702,0.049306462741433535,True
16-20,28,home,264,10,387,0.03787878787878788,0.020702682350215815,0.06831112282418576,True
16-20,29,home,212,7,291,0.0330188679245283,0.016084452902420974,0.06657616488395571,True
16-20,30,home,201,9,276,0.04477611940298507,0.023732710894650986,0.08289406804087773,True
16-20,31,home,150,7,215,0.04666666666666667,0.02278625890187786,0.09318757392357377,True
16-20,32,home,109,5,140,0.045871559633027525,0.019750157151731958,0.10291382492579973,True
16-20,33,home,68,3,94,0.04411764705882353,0.0151163456535321,0.12187392182380694,True
16-20,34,home,33,1,41,0.030303030303030304,0.005369272089651725,0.15319061673168066,True
16-20,35,home,11,0,15,0.0,2.7755575615628914e-17,0.2588400172488141,False
21-25,0.0-0.5,home,271,0,369,0.0,0.0,0.013977505588673621,True
21-25,0.5-1.0,home,333,0,468,0.0,0.0,0.01140476710715066,True
21-25,1.0-1.5,home,336,0,480,0.0,0.0,0.011304089905414755,True
21-25,1.5-2.0,home,328,0,456,0.0,0.0,0.01157660763448585,True
21-25,2,home,538,0,932,0.0,0.0,0.007089894906555717,True
21-25,3,home,532,0,892,0.0,0.0,0.007169282862696736,True
21-25,4,home,529,0,888,0.0,0.0,0.007209647294805811,True
21-25,5,home,523,0,828,0.0,0.0,0.007291755244840194,True
21-25,6,home,459,0,740,0.0,0.0,0.008300031803537108,True
21-25,7,home,481,0,813,0.0,0.0,0.007923412512457676,True
21-25,8,home,438,1,698,0.00228310502283105,0.0004031274789038867,0.012817900147286133,True
21-25,9,home,429,1,667,0.002331002331002331,0.0004115871365453225,0.013084343014345905,True
21-25,10,home,439,1,771,0.002277904328018223,0.000402208934410897,0.012788963710616129,True
21-25,11,home,463,0,767,0.0,0.0,0.008228915332309716,True
21-25,12,home,405,1,671,0.0024691358024691358,0.00043598493285569237,0.013852189264681935,True
21-25,13,home,390,3,618,0.007692307692307693,0.002619410827473906,0.022369315604675463,True
21-25,14,home,345,1,541,0.002898550724637681,0.0005118355816843678,0.01623387364565549,True
21-25,15,home,344,1,566,0.0029069767441860465,0.0005133240107990933,0.016280526983446564,True
21-25,16,home,330,0,559,0.0,0.0,0.011507253739498012,True
21-25,17,home,310,2,479,0.0064516129032258064,0.001771014542147913,0.023214838193754528,True
21-25,18,home,260,0,386,0.0,0.0,0.014560251302296528,True
21-25,19,home,226,0,308,0.0,0.0,0.01671411963717621,True
21-25,20,home,254,1,408,0.003937007874015748,0.0006952990654844823,0.02196047098868831,True
21-25,21,home,234,1,369,0.004273504273504274,0.0007547577629937775,0.023806126455746764,True
21-25,22,home,180,1,278,0.005555555555555556,0.0009813408130013804,0.030793839559667267,True
21-25,23,home,159,1,240,0.006289308176100629,0.0011110528093918985,0.034761844533793135,True
21-25,24,home,146,1,226,0.00684931506849315,0.0012100660990709694,0.03777510223869371,True
21-25,25,home,136,0,216,0.0,0.0,0.02747108156657246,True
21-25,26,home,109,0,152,0.0,0.0,0.03404418228738337,True
21-25,27,home,86,0,122,0.0,0.0,0.042759701519118086,True
21-25,28,home,62,0,84,0.0,0.0,0.05834609122500061,True
21-25,29,home,51,0,69,0.0,0.0,0.07004901388726806,True
21-25,30,home,26,0,37,0.0,0.0,0.12873304380462175,False
21-25,31,home,10,0,10,0.0,0.0,0.2775401687666165,False
21-25,32,home,6,0,10,0.0,0.0,0.3903430336530645,False
21-25,33,home,2,0,2,0.0,0.0,0.6576280471103807,False
26-30,0.0-0.5,home,137,0,180,0.0,0.0,0.027276032081430486,True
26-30,0.5-1.0,home,196,0,267,0.0,0.0,0.019223224794036875,True
26-30,1.0-1.5,home,199,0,261,0.0,0.0,0.018938915883132457,True
26-30,1.5-2.0,home,176,0,244,0.0,1.734723475976807e-18,0.021361019919751596,True
26-30,2,home,297,0,505,0.0,0.0,0.012769510599597926,True
26-30,3,home,293,0,468,0.0,0.0,0.012941582311913155,True
26-30,4,home,288,0,463,0.0,0.0,0.01316330502573999,True
26-30,5,home,261,0,430,0.0,0.0,0.014505274095912424,True
26-30,6,home,276,0,442,0.0,0.0,0.013727765993333372,True
26-30,7,home,241,0,393,0.0,0.0,0.01569014415850901,True
26-30,8,home,245,0,388,0.0,0.0,0.01543793320730939,True
26-30,9,home,205,0,327,0.0,0.0,0.018394802568070728,True
26-30,10,home,219,0,379,0.0,0.0,0.017239151038226253,True
26-30,11,home,206,0,344,0.0,0.0,0.018307142149125814,True
26-30,12,home,206,0,345,0.0,0.0,0.018307142149125814,True
26-30,13,home,191,0,301,0.0,0.0,0.019716528708448297,True
26-30,14,home,171,0,275,0.0,0.0,0.021971887697207072,True
26-30,15,home,167,0,253,0.0,0.0,0.022486326515321793,True
26-30,16,home,151,0,255,0.0,0.0,0.02480987021575597,True
26-30,17,home,129,0,209,0.0,0.0,0.028918651988533713,True
26-30,18,home,103,0,154,0.0,0.0,0.03595603210734395,True
26-30,19,home,80,0,109,0.0,0.0,0.0458197362645751,True
26-30,20,home,77,0,126,0.0,0.0,0.04752008866722084,True
26-30,21,home,74,0,103,0.0,0.0,0.049351503566216516,True
26-30,22,home,55,0,98,0.0,0.0,0.06528714378942788,True
26-30,23,home,40,0,65,0.0,0.0,0.08762453925039232,True
26-30,24,home,37,0,48,0.0,0.0,0.09406095745514377,True
26-30,25,home,27,0,35,0.0,0.0,0.12455903714463581,False
26-30,26,home,26,0,43,0.0,0.0,0.12873304380462175,False
26-30,27,home,9,0,13,0.0,0.0,0.2991527535509594,False
26-30,28,home,4,0,6,0.0,0.0,0.48990002040399916,False
26-30,29,home,3,0,5,0.0,0.0,0.5615060804490177,False
26-30,30,home,1,0,1,0.0,0.0,0.7934567085261071,False
31+,0.0-0.5,home,155,0,215,0.0,0.0,0.024185100124904303,True
31+,0.5-1.0,home,169,0,246,0.0,0.0,0.022226130746301812,True
31+,1.0-1.5,home,178,0,241,0.0,0.0,0.021126078961029818,True
31+,1.5-2.0,home,184,0,269,0.0,0.0,0.020451273839234757,True
31+,2,home,245,0,476,0.0,0.0,0.01543793320730939,True
31+,3,home,243,0,463,0.0,0.0,0.015563016930695634,True
31+,4,home,234,0,423,0.0,0.0,0.01615192632407451,True
31+,5,home,219,0,431,0.0,0.0,0.017239151038226253,True
31+,6,home,213,0,409,0.0,0.0,0.017716157785222023,True
31+,7,home,204,0,366,0.0,0.0,0.01848330651804066,True
31+,8,home,186,0,355,0.0,0.0,0.02023581765008302,True
31+,9,home,157,0,274,0.0,0.0,0.02388436822314625,True
31+,10,home,161,0,327,0.0,0.0,0.023304796847397745,True
31+,11,home,154,0,310,0.0,0.0,0.024338323990633647,True
31+,12,home,128,0,252,0.0,0.0,0.02913799589810803,True
31+,13,home,115,0,217,0.0,0.0,0.03232538101136302,True
31+,14,home,105,0,185,0.0,0.0,0.035295328256842964,True
31+,15,home,97,0,176,0.0,0.0,0.03809538920445529,True
31+,16,home,81,0,155,0.0,0.0,0.04527967412212876,True
31+,17,home,69,0,139,0.0,0.0,0.05273909414400562,True
31+,18,home,54,0,88,0.0,0.0,0.0664158667810019,True
31+,19,home,43,0,63,0.0,0.0,0.08201257002322722,True
31+,20,home,31,0,56,0.0,0.0,0.11025900073475385,True
31+,21,home,22,0,38,0.0,1.3877787807814457e-17,0.14865952572596125,False
31+,22,home,14,0,21,0.0,0.0,0.21531701192718142,False
31+,23,home,11,0,16,0.0,2.7755575615628914e-17,0.2588400172488141,False
31+,24,home,5,0,9,0.0,0.0,0.43449149475208104,False
31+,25,home,5,0,5,0.0,0.0,0.43449149475208104,False
31+,26,home,2,0,3,0.0,0.0,0.6576280471103807,False
